{"type": "FeatureCollection", "features": [{"type": "Feature", "geometry": {"type": "Point", "coordinates": [32.8, 44.3]}, "properties": {"risk_percent": 2.6, "risk_category": "low"}}, {"type": "Feature", "geometry": {"type": "Point", "coordinates": [33.0, 44.3]}, "properties": {"risk_percent": 1.4, "risk_category": "low"}}, {"type": "Feature", "geometry": {"type": "Point", "coordinates": [33.2, 44.3]}, "properties": {"risk_percent": 1.9, "risk_category": "low"}}, {"type": "Feature", "geometry": {"type": "Point", "coordinates": [33.5, 44.3]}, "properties": {"risk_percent": 2.2, "risk_category": "low"}}, {"type": "Feature", "geometry": {"type": "Point", "coordinates": [33.8, 44.3]}, "properties": {"risk_percent": 3.9, "risk_category": "low"}}, {"type": "Feature", "geometry": {"type": "Point", "coordinates": [34.0, 44.3]}, "properties": {"risk_percent": 5.3, "risk_category": "low"}}, {"type": "Feature", "geometry": {"type": "Point", "coordinates": [34.2, 44.3]}, "properties": {"risk_percent": 1.9, "risk_category": "low"}}, {"type": "Feature", "geometry": {"type": "Point", "coordinates": [34.5, 44.3]}, "properties": {"risk_percent": 0.9, "risk_category": "low"}}, {"type": "Feature", "geometry": {"type": "Point", "coordinates": [34.8, 44.3]}, "properties": {"risk_percent": 1.0, "risk_category": "low"}}, {"type": "Feature", "geometry": {"type": "Point", "coordinates": [35.0, 44.3]}, "properties": {"risk_percent": 1.3, "risk_category": "low"}}, {"type": "Feature", "geometry": {"type": "Point", "coordinates": [35.2, 44.3]}, "properties": {"risk_percent": 1.3, "risk_category": "low"}}, {"type": "Feature", "geometry": {"type": "Point", "coordinates": [35.5, 44.3]}, "properties": {"risk_percent": 0.8, "risk_category": "low"}}, {"type": "Feature", "geometry": {"type": "Point", "coordinates": [35.8, 44.3]}, "properties": {"risk_percent": 0.6, "risk_category": "low"}}, {"type": "Feature", "geometry": {"type": "Point", "coordinates": [36.0, 44.3]}, "properties": {"risk_percent": 0.8, "risk_category": "low"}}, {"type": "Feature", "geometry": {"type": "Point", "coordinates": [31.8, 44.6]}, "properties": {"risk_percent": 0.4, "risk_category": "low"}}, {"type": "Feature", "geometry": {"type": "Point", "coordinates": [32.0, 44.6]}, "properties": {"risk_percent": 0.4, "risk_category": "low"}}, {"type": "Feature", "geometry": {"type": "Point", "coordinates": [32.2, 44.6]}, "properties": {"risk_percent": 0.6, "risk_category": "low"}}, {"type": "Feature", "geometry": {"type": "Point", "coordinates": [32.5, 44.6]}, "properties": {"risk_percent": 0.3, "risk_category": "low"}}, {"type": "Feature", "geometry": {"type": "Point", "coordinates": [32.8, 44.6]}, "properties": {"risk_percent": 0.6, "risk_category": "low"}}, {"type": "Feature", "geometry": {"type": "Point", "coordinates": [33.0, 44.6]}, "properties": {"risk_percent": 0.8, "risk_category": "low"}}, {"type": "Feature", "geometry": {"type": "Point", "coordinates": [33.2, 44.6]}, "properties": {"risk_percent": 0.5, "risk_category": "low"}}, {"type": "Feature", "geometry": {"type": "Point", "coordinates": [33.5, 44.6]}, "properties": {"risk_percent": 46.2, "risk_category": "medium"}}, {"type": "Feature", "geometry": {"type": "Point", "coordinates": [33.8, 44.6]}, "properties": {"risk_percent": 74.0, "risk_category": "high"}}, {"type": "Feature", "geometry": {"type": "Point", "coordinates": [34.0, 44.6]}, "properties": {"risk_percent": 83.6, "risk_category": "high"}}, {"type": "Feature", "geometry": {"type": "Point", "coordinates": [34.2, 44.6]}, "properties": {"risk_percent": 45.4, "risk_category": "medium"}}, {"type": "Feature", "geometry": {"type": "Point", "coordinates": [34.5, 44.6]}, "properties": {"risk_percent": 63.4, "risk_category": "medium"}}, {"type": "Feature", "geometry": {"type": "Point", "coordinates": [34.8, 44.6]}, "properties": {"risk_percent": 2.6, "risk_category": "low"}}, {"type": "Feature", "geometry": {"type": "Point", "coordinates": [35.0, 44.6]}, "properties": {"risk_percent": 1.1, "risk_category": "low"}}, {"type": "Feature", "geometry": {"type": "Point", "coordinates": [35.2, 44.6]}, "properties": {"risk_percent": 0.9, "risk_category": "low"}}, {"type": "Feature", "geometry": {"type": "Point", "coordinates": [35.5, 44.6]}, "properties": {"risk_percent": 0.6, "risk_category": "low"}}, {"type": "Feature", "geometry": {"type": "Point", "coordinates": [35.8, 44.6]}, "properties": {"risk_percent": 0.6, "risk_category": "low"}}, {"type": "Feature", "geometry": {"type": "Point", "coordinates": [36.0, 44.6]}, "properties": {"risk_percent": 0.6, "risk_category": "low"}}, {"type": "Feature", "geometry": {"type": "Point", "coordinates": [36.2, 44.6]}, "properties": {"risk_percent": 0.5, "risk_category": "low"}}, {"type": "Feature", "geometry": {"type": "Point", "coordinates": [36.5, 44.6]}, "properties": {"risk_percent": 1.2, "risk_category": "low"}}, {"type": "Feature", "geometry": {"type": "Point", "coordinates": [36.8, 44.6]}, "properties": {"risk_percent": 1.8, "risk_category": "low"}}, {"type": "Feature", "geometry": {"type": "Point", "coordinates": [37.0, 44.6]}, "properties": {"risk_percent": 8.1, "risk_category": "low"}}, {"type": "Feature", "geometry": {"type": "Point", "coordinates": [31.2, 44.8]}, "properties": {"risk_percent": 0.9, "risk_category": "low"}}, {"type": "Feature", "geometry": {"type": "Point", "coordinates": [31.5, 44.8]}, "properties": {"risk_percent": 0.6, "risk_category": "low"}}, {"type": "Feature", "geometry": {"type": "Point", "coordinates": [31.8, 44.8]}, "properties": {"risk_percent": 0.6, "risk_category": "low"}}, {"type": "Feature", "geometry": {"type": "Point", "coordinates": [32.0, 44.8]}, "properties": {"risk_percent": 7.0, "risk_category": "low"}}, {"type": "Feature", "geometry": {"type": "Point", "coordinates": [32.2, 44.8]}, "properties": {"risk_percent": 0.6, "risk_category": "low"}}, {"type": "Feature", "geometry": {"type": "Point", "coordinates": [32.5, 44.8]}, "properties": {"risk_percent": 0.1, "risk_category": "low"}}, {"type": "Feature", "geometry": {"type": "Point", "coordinates": [32.8, 44.8]}, "properties": {"risk_percent": 0.5, "risk_category": "low"}}, {"type": "Feature", "geometry": {"type": "Point", "coordinates": [33.0, 44.8]}, "properties": {"risk_percent": 0.5, "risk_category": "low"}}, {"type": "Feature", "geometry": {"type": "Point", "coordinates": [33.2, 44.8]}, "properties": {"risk_percent": 0.2, "risk_category": "low"}}, {"type": "Feature", "geometry": {"type": "Point", "coordinates": [33.5, 44.8]}, "properties": {"risk_percent": 67.6, "risk_category": "high"}}, {"type": "Feature", "geometry": {"type": "Point", "coordinates": [33.8, 44.8]}, "properties": {"risk_percent": 71.3, "risk_category": "high"}}, {"type": "Feature", "geometry": {"type": "Point", "coordinates": [34.0, 44.8]}, "properties": {"risk_percent": 73.8, "risk_category": "high"}}, {"type": "Feature", "geometry": {"type": "Point", "coordinates": [34.2, 44.8]}, "properties": {"risk_percent": 43.3, "risk_category": "medium"}}, {"type": "Feature", "geometry": {"type": "Point", "coordinates": [34.5, 44.8]}, "properties": {"risk_percent": 72.9, "risk_category": "high"}}, {"type": "Feature", "geometry": {"type": "Point", "coordinates": [34.8, 44.8]}, "properties": {"risk_percent": 72.1, "risk_category": "high"}}, {"type": "Feature", "geometry": {"type": "Point", "coordinates": [35.0, 44.8]}, "properties": {"risk_percent": 61.2, "risk_category": "medium"}}, {"type": "Feature", "geometry": {"type": "Point", "coordinates": [35.2, 44.8]}, "properties": {"risk_percent": 46.0, "risk_category": "medium"}}, {"type": "Feature", "geometry": {"type": "Point", "coordinates": [35.5, 44.8]}, "properties": {"risk_percent": 0.9, "risk_category": "low"}}, {"type": "Feature", "geometry": {"type": "Point", "coordinates": [35.8, 44.8]}, "properties": {"risk_percent": 0.9, "risk_category": "low"}}, {"type": "Feature", "geometry": {"type": "Point", "coordinates": [36.0, 44.8]}, "properties": {"risk_percent": 0.7, "risk_category": "low"}}, {"type": "Feature", "geometry": {"type": "Point", "coordinates": [36.2, 44.8]}, "properties": {"risk_percent": 0.6, "risk_category": "low"}}, {"type": "Feature", "geometry": {"type": "Point", "coordinates": [36.5, 44.8]}, "properties": {"risk_percent": 1.3, "risk_category": "low"}}, {"type": "Feature", "geometry": {"type": "Point", "coordinates": [36.8, 44.8]}, "properties": {"risk_percent": 2.1, "risk_category": "low"}}, {"type": "Feature", "geometry": {"type": "Point", "coordinates": [37.0, 44.8]}, "properties": {"risk_percent": 23.4, "risk_category": "low"}}, {"type": "Feature", "geometry": {"type": "Point", "coordinates": [37.2, 44.8]}, "properties": {"risk_percent": 28.3, "risk_category": "low"}}, {"type": "Feature", "geometry": {"type": "Point", "coordinates": [30.8, 45.0]}, "properties": {"risk_percent": 2.5, "risk_category": "low"}}, {"type": "Feature", "geometry": {"type": "Point", "coordinates": [31.0, 45.0]}, "properties": {"risk_percent": 3.4, "risk_category": "low"}}, {"type": "Feature", "geometry": {"type": "Point", "coordinates": [31.2, 45.0]}, "properties": {"risk_percent": 0.6, "risk_category": "low"}}, {"type": "Feature", "geometry": {"type": "Point", "coordinates": [31.5, 45.0]}, "properties": {"risk_percent": 1.4, "risk_category": "low"}}, {"type": "Feature", "geometry": {"type": "Point", "coordinates": [31.8, 45.0]}, "properties": {"risk_percent": 1.7, "risk_category": "low"}}, {"type": "Feature", "geometry": {"type": "Point", "coordinates": [32.0, 45.0]}, "properties": {"risk_percent": 3.0, "risk_category": "low"}}, {"type": "Feature", "geometry": {"type": "Point", "coordinates": [32.2, 45.0]}, "properties": {"risk_percent": 1.2, "risk_category": "low"}}, {"type": "Feature", "geometry": {"type": "Point", "coordinates": [32.5, 45.0]}, "properties": {"risk_percent": 0.5, "risk_category": "low"}}, {"type": "Feature", "geometry": {"type": "Point", "coordinates": [32.8, 45.0]}, "properties": {"risk_percent": 0.1, "risk_category": "low"}}, {"type": "Feature", "geometry": {"type": "Point", "coordinates": [33.0, 45.0]}, "properties": {"risk_percent": 0.6, "risk_category": "low"}}, {"type": "Feature", "geometry": {"type": "Point", "coordinates": [33.2, 45.0]}, "properties": {"risk_percent": 1.6, "risk_category": "low"}}, {"type": "Feature", "geometry": {"type": "Point", "coordinates": [33.5, 45.0]}, "properties": {"risk_percent": 70.1, "risk_category": "high"}}, {"type": "Feature", "geometry": {"type": "Point", "coordinates": [33.8, 45.0]}, "properties": {"risk_percent": 63.2, "risk_category": "medium"}}, {"type": "Feature", "geometry": {"type": "Point", "coordinates": [34.0, 45.0]}, "properties": {"risk_percent": 65.9, "risk_category": "medium"}}, {"type": "Feature", "geometry": {"type": "Point", "coordinates": [34.2, 45.0]}, "properties": {"risk_percent": 68.7, "risk_category": "high"}}, {"type": "Feature", "geometry": {"type": "Point", "coordinates": [34.5, 45.0]}, "properties": {"risk_percent": 63.5, "risk_category": "medium"}}, {"type": "Feature", "geometry": {"type": "Point", "coordinates": [34.8, 45.0]}, "properties": {"risk_percent": 84.5, "risk_category": "high"}}, {"type": "Feature", "geometry": {"type": "Point", "coordinates": [35.0, 45.0]}, "properties": {"risk_percent": 67.0, "risk_category": "high"}}, {"type": "Feature", "geometry": {"type": "Point", "coordinates": [35.2, 45.0]}, "properties": {"risk_percent": 65.7, "risk_category": "medium"}}, {"type": "Feature", "geometry": {"type": "Point", "coordinates": [35.5, 45.0]}, "properties": {"risk_percent": 59.2, "risk_category": "medium"}}, {"type": "Feature", "geometry": {"type": "Point", "coordinates": [35.8, 45.0]}, "properties": {"risk_percent": 53.0, "risk_category": "medium"}}, {"type": "Feature", "geometry": {"type": "Point", "coordinates": [36.0, 45.0]}, "properties": {"risk_percent": 45.0, "risk_category": "medium"}}, {"type": "Feature", "geometry": {"type": "Point", "coordinates": [36.2, 45.0]}, "properties": {"risk_percent": 40.6, "risk_category": "medium"}}, {"type": "Feature", "geometry": {"type": "Point", "coordinates": [36.5, 45.0]}, "properties": {"risk_percent": 39.6, "risk_category": "medium"}}, {"type": "Feature", "geometry": {"type": "Point", "coordinates": [36.8, 45.0]}, "properties": {"risk_percent": 24.4, "risk_category": "low"}}, {"type": "Feature", "geometry": {"type": "Point", "coordinates": [37.0, 45.0]}, "properties": {"risk_percent": 21.9, "risk_category": "low"}}, {"type": "Feature", "geometry": {"type": "Point", "coordinates": [37.2, 45.0]}, "properties": {"risk_percent": 43.5, "risk_category": "medium"}}, {"type": "Feature", "geometry": {"type": "Point", "coordinates": [37.5, 45.0]}, "properties": {"risk_percent": 47.1, "risk_category": "medium"}}, {"type": "Feature", "geometry": {"type": "Point", "coordinates": [29.8, 45.3]}, "properties": {"risk_percent": 65.9, "risk_category": "medium"}}, {"type": "Feature", "geometry": {"type": "Point", "coordinates": [30.0, 45.3]}, "properties": {"risk_percent": 5.9, "risk_category": "low"}}, {"type": "Feature", "geometry": {"type": "Point", "coordinates": [30.2, 45.3]}, "properties": {"risk_percent": 5.9, "risk_category": "low"}}, {"type": "Feature", "geometry": {"type": "Point", "coordinates": [30.5, 45.3]}, "properties": {"risk_percent": 5.9, "risk_category": "low"}}, {"type": "Feature", "geometry": {"type": "Point", "coordinates": [30.8, 45.3]}, "properties": {"risk_percent": 5.7, "risk_category": "low"}}, {"type": "Feature", "geometry": {"type": "Point", "coordinates": [31.0, 45.3]}, "properties": {"risk_percent": 3.7, "risk_category": "low"}}, {"type": "Feature", "geometry": {"type": "Point", "coordinates": [31.2, 45.3]}, "properties": {"risk_percent": 0.1, "risk_category": "low"}}, {"type": "Feature", "geometry": {"type": "Point", "coordinates": [31.5, 45.3]}, "properties": {"risk_percent": 0.1, "risk_category": "low"}}, {"type": "Feature", "geometry": {"type": "Point", "coordinates": [31.8, 45.3]}, "properties": {"risk_percent": 0.1, "risk_category": "low"}}, {"type": "Feature", "geometry": {"type": "Point", "coordinates": [32.0, 45.3]}, "properties": {"risk_percent": 0.1, "risk_category": "low"}}, {"type": "Feature", "geometry": {"type": "Point", "coordinates": [32.2, 45.3]}, "properties": {"risk_percent": 0.2, "risk_category": "low"}}, {"type": "Feature", "geometry": {"type": "Point", "coordinates": [32.5, 45.3]}, "properties": {"risk_percent": 39.9, "risk_category": "medium"}}, {"type": "Feature", "geometry": {"type": "Point", "coordinates": [32.8, 45.3]}, "properties": {"risk_percent": 70.0, "risk_category": "high"}}, {"type": "Feature", "geometry": {"type": "Point", "coordinates": [33.0, 45.3]}, "properties": {"risk_percent": 78.3, "risk_category": "high"}}, {"type": "Feature", "geometry": {"type": "Point", "coordinates": [33.2, 45.3]}, "properties": {"risk_percent": 71.0, "risk_category": "high"}}, {"type": "Feature", "geometry": {"type": "Point", "coordinates": [33.5, 45.3]}, "properties": {"risk_percent": 73.6, "risk_category": "high"}}, {"type": "Feature", "geometry": {"type": "Point", "coordinates": [33.8, 45.3]}, "properties": {"risk_percent": 60.1, "risk_category": "medium"}}, {"type": "Feature", "geometry": {"type": "Point", "coordinates": [34.0, 45.3]}, "properties": {"risk_percent": 62.5, "risk_category": "medium"}}, {"type": "Feature", "geometry": {"type": "Point", "coordinates": [34.2, 45.3]}, "properties": {"risk_percent": 56.9, "risk_category": "medium"}}, {"type": "Feature", "geometry": {"type": "Point", "coordinates": [34.5, 45.3]}, "properties": {"risk_percent": 43.5, "risk_category": "medium"}}, {"type": "Feature", "geometry": {"type": "Point", "coordinates": [34.8, 45.3]}, "properties": {"risk_percent": 46.9, "risk_category": "medium"}}, {"type": "Feature", "geometry": {"type": "Point", "coordinates": [35.0, 45.3]}, "properties": {"risk_percent": 62.9, "risk_category": "medium"}}, {"type": "Feature", "geometry": {"type": "Point", "coordinates": [35.2, 45.3]}, "properties": {"risk_percent": 58.0, "risk_category": "medium"}}, {"type": "Feature", "geometry": {"type": "Point", "coordinates": [35.5, 45.3]}, "properties": {"risk_percent": 55.6, "risk_category": "medium"}}, {"type": "Feature", "geometry": {"type": "Point", "coordinates": [35.8, 45.3]}, "properties": {"risk_percent": 56.3, "risk_category": "medium"}}, {"type": "Feature", "geometry": {"type": "Point", "coordinates": [36.0, 45.3]}, "properties": {"risk_percent": 52.0, "risk_category": "medium"}}, {"type": "Feature", "geometry": {"type": "Point", "coordinates": [36.2, 45.3]}, "properties": {"risk_percent": 57.0, "risk_category": "medium"}}, {"type": "Feature", "geometry": {"type": "Point", "coordinates": [36.5, 45.3]}, "properties": {"risk_percent": 60.6, "risk_category": "medium"}}, {"type": "Feature", "geometry": {"type": "Point", "coordinates": [36.8, 45.3]}, "properties": {"risk_percent": 31.5, "risk_category": "low"}}, {"type": "Feature", "geometry": {"type": "Point", "coordinates": [37.0, 45.3]}, "properties": {"risk_percent": 33.3, "risk_category": "medium"}}, {"type": "Feature", "geometry": {"type": "Point", "coordinates": [37.2, 45.3]}, "properties": {"risk_percent": 25.7, "risk_category": "low"}}, {"type": "Feature", "geometry": {"type": "Point", "coordinates": [37.5, 45.3]}, "properties": {"risk_percent": 44.9, "risk_category": "medium"}}, {"type": "Feature", "geometry": {"type": "Point", "coordinates": [37.8, 45.3]}, "properties": {"risk_percent": 28.7, "risk_category": "low"}}, {"type": "Feature", "geometry": {"type": "Point", "coordinates": [29.0, 45.6]}, "properties": {"risk_percent": 65.5, "risk_category": "medium"}}, {"type": "Feature", "geometry": {"type": "Point", "coordinates": [29.2, 45.6]}, "properties": {"risk_percent": 65.2, "risk_category": "medium"}}, {"type": "Feature", "geometry": {"type": "Point", "coordinates": [29.5, 45.6]}, "properties": {"risk_percent": 72.1, "risk_category": "high"}}, {"type": "Feature", "geometry": {"type": "Point", "coordinates": [29.8, 45.6]}, "properties": {"risk_percent": 74.3, "risk_category": "high"}}, {"type": "Feature", "geometry": {"type": "Point", "coordinates": [30.0, 45.6]}, "properties": {"risk_percent": 7.1, "risk_category": "low"}}, {"type": "Feature", "geometry": {"type": "Point", "coordinates": [30.2, 45.6]}, "properties": {"risk_percent": 5.7, "risk_category": "low"}}, {"type": "Feature", "geometry": {"type": "Point", "coordinates": [30.5, 45.6]}, "properties": {"risk_percent": 1.3, "risk_category": "low"}}, {"type": "Feature", "geometry": {"type": "Point", "coordinates": [30.8, 45.6]}, "properties": {"risk_percent": 4.4, "risk_category": "low"}}, {"type": "Feature", "geometry": {"type": "Point", "coordinates": [31.0, 45.6]}, "properties": {"risk_percent": 3.5, "risk_category": "low"}}, {"type": "Feature", "geometry": {"type": "Point", "coordinates": [31.2, 45.6]}, "properties": {"risk_percent": 2.8, "risk_category": "low"}}, {"type": "Feature", "geometry": {"type": "Point", "coordinates": [31.5, 45.6]}, "properties": {"risk_percent": 0.1, "risk_category": "low"}}, {"type": "Feature", "geometry": {"type": "Point", "coordinates": [31.8, 45.6]}, "properties": {"risk_percent": 0.1, "risk_category": "low"}}, {"type": "Feature", "geometry": {"type": "Point", "coordinates": [32.0, 45.6]}, "properties": {"risk_percent": 0.1, "risk_category": "low"}}, {"type": "Feature", "geometry": {"type": "Point", "coordinates": [32.2, 45.6]}, "properties": {"risk_percent": 0.2, "risk_category": "low"}}, {"type": "Feature", "geometry": {"type": "Point", "coordinates": [32.5, 45.6]}, "properties": {"risk_percent": 1.1, "risk_category": "low"}}, {"type": "Feature", "geometry": {"type": "Point", "coordinates": [32.8, 45.6]}, "properties": {"risk_percent": 75.7, "risk_category": "high"}}, {"type": "Feature", "geometry": {"type": "Point", "coordinates": [33.0, 45.6]}, "properties": {"risk_percent": 70.1, "risk_category": "high"}}, {"type": "Feature", "geometry": {"type": "Point", "coordinates": [33.2, 45.6]}, "properties": {"risk_percent": 70.5, "risk_category": "high"}}, {"type": "Feature", "geometry": {"type": "Point", "coordinates": [33.5, 45.6]}, "properties": {"risk_percent": 59.6, "risk_category": "medium"}}, {"type": "Feature", "geometry": {"type": "Point", "coordinates": [33.8, 45.6]}, "properties": {"risk_percent": 61.5, "risk_category": "medium"}}, {"type": "Feature", "geometry": {"type": "Point", "coordinates": [34.0, 45.6]}, "properties": {"risk_percent": 62.4, "risk_category": "medium"}}, {"type": "Feature", "geometry": {"type": "Point", "coordinates": [34.2, 45.6]}, "properties": {"risk_percent": 63.9, "risk_category": "medium"}}, {"type": "Feature", "geometry": {"type": "Point", "coordinates": [34.5, 45.6]}, "properties": {"risk_percent": 49.8, "risk_category": "medium"}}, {"type": "Feature", "geometry": {"type": "Point", "coordinates": [34.8, 45.6]}, "properties": {"risk_percent": 58.0, "risk_category": "medium"}}, {"type": "Feature", "geometry": {"type": "Point", "coordinates": [35.0, 45.6]}, "properties": {"risk_percent": 57.6, "risk_category": "medium"}}, {"type": "Feature", "geometry": {"type": "Point", "coordinates": [35.2, 45.6]}, "properties": {"risk_percent": 49.2, "risk_category": "medium"}}, {"type": "Feature", "geometry": {"type": "Point", "coordinates": [35.5, 45.6]}, "properties": {"risk_percent": 6.0, "risk_category": "low"}}, {"type": "Feature", "geometry": {"type": "Point", "coordinates": [35.8, 45.6]}, "properties": {"risk_percent": 5.4, "risk_category": "low"}}, {"type": "Feature", "geometry": {"type": "Point", "coordinates": [36.0, 45.6]}, "properties": {"risk_percent": 6.9, "risk_category": "low"}}, {"type": "Feature", "geometry": {"type": "Point", "coordinates": [36.2, 45.6]}, "properties": {"risk_percent": 5.1, "risk_category": "low"}}, {"type": "Feature", "geometry": {"type": "Point", "coordinates": [36.5, 45.6]}, "properties": {"risk_percent": 11.2, "risk_category": "low"}}, {"type": "Feature", "geometry": {"type": "Point", "coordinates": [36.8, 45.6]}, "properties": {"risk_percent": 7.7, "risk_category": "low"}}, {"type": "Feature", "geometry": {"type": "Point", "coordinates": [37.0, 45.6]}, "properties": {"risk_percent": 10.8, "risk_category": "low"}}, {"type": "Feature", "geometry": {"type": "Point", "coordinates": [37.2, 45.6]}, "properties": {"risk_percent": 11.5, "risk_category": "low"}}, {"type": "Feature", "geometry": {"type": "Point", "coordinates": [37.5, 45.6]}, "properties": {"risk_percent": 23.5, "risk_category": "low"}}, {"type": "Feature", "geometry": {"type": "Point", "coordinates": [37.8, 45.6]}, "properties": {"risk_percent": 31.2, "risk_category": "low"}}, {"type": "Feature", "geometry": {"type": "Point", "coordinates": [38.0, 45.6]}, "properties": {"risk_percent": 28.4, "risk_category": "low"}}, {"type": "Feature", "geometry": {"type": "Point", "coordinates": [28.5, 45.8]}, "properties": {"risk_percent": 43.2, "risk_category": "medium"}}, {"type": "Feature", "geometry": {"type": "Point", "coordinates": [28.8, 45.8]}, "properties": {"risk_percent": 56.1, "risk_category": "medium"}}, {"type": "Feature", "geometry": {"type": "Point", "coordinates": [29.0, 45.8]}, "properties": {"risk_percent": 56.6, "risk_category": "medium"}}, {"type": "Feature", "geometry": {"type": "Point", "coordinates": [29.2, 45.8]}, "properties": {"risk_percent": 59.2, "risk_category": "medium"}}, {"type": "Feature", "geometry": {"type": "Point", "coordinates": [29.5, 45.8]}, "properties": {"risk_percent": 57.0, "risk_category": "medium"}}, {"type": "Feature", "geometry": {"type": "Point", "coordinates": [29.8, 45.8]}, "properties": {"risk_percent": 75.4, "risk_category": "high"}}, {"type": "Feature", "geometry": {"type": "Point", "coordinates": [30.0, 45.8]}, "properties": {"risk_percent": 72.1, "risk_category": "high"}}, {"type": "Feature", "geometry": {"type": "Point", "coordinates": [30.2, 45.8]}, "properties": {"risk_percent": 69.7, "risk_category": "high"}}, {"type": "Feature", "geometry": {"type": "Point", "coordinates": [30.5, 45.8]}, "properties": {"risk_percent": 7.0, "risk_category": "low"}}, {"type": "Feature", "geometry": {"type": "Point", "coordinates": [30.8, 45.8]}, "properties": {"risk_percent": 3.6, "risk_category": "low"}}, {"type": "Feature", "geometry": {"type": "Point", "coordinates": [31.0, 45.8]}, "properties": {"risk_percent": 20.1, "risk_category": "low"}}, {"type": "Feature", "geometry": {"type": "Point", "coordinates": [31.2, 45.8]}, "properties": {"risk_percent": 20.1, "risk_category": "low"}}, {"type": "Feature", "geometry": {"type": "Point", "coordinates": [31.5, 45.8]}, "properties": {"risk_percent": 4.4, "risk_category": "low"}}, {"type": "Feature", "geometry": {"type": "Point", "coordinates": [31.8, 45.8]}, "properties": {"risk_percent": 3.8, "risk_category": "low"}}, {"type": "Feature", "geometry": {"type": "Point", "coordinates": [32.0, 45.8]}, "properties": {"risk_percent": 4.0, "risk_category": "low"}}, {"type": "Feature", "geometry": {"type": "Point", "coordinates": [32.2, 45.8]}, "properties": {"risk_percent": 0.6, "risk_category": "low"}}, {"type": "Feature", "geometry": {"type": "Point", "coordinates": [32.5, 45.8]}, "properties": {"risk_percent": 0.6, "risk_category": "low"}}, {"type": "Feature", "geometry": {"type": "Point", "coordinates": [32.8, 45.8]}, "properties": {"risk_percent": 1.1, "risk_category": "low"}}, {"type": "Feature", "geometry": {"type": "Point", "coordinates": [33.0, 45.8]}, "properties": {"risk_percent": 15.0, "risk_category": "low"}}, {"type": "Feature", "geometry": {"type": "Point", "coordinates": [33.2, 45.8]}, "properties": {"risk_percent": 72.7, "risk_category": "high"}}, {"type": "Feature", "geometry": {"type": "Point", "coordinates": [33.5, 45.8]}, "properties": {"risk_percent": 66.6, "risk_category": "high"}}, {"type": "Feature", "geometry": {"type": "Point", "coordinates": [33.8, 45.8]}, "properties": {"risk_percent": 64.7, "risk_category": "medium"}}, {"type": "Feature", "geometry": {"type": "Point", "coordinates": [34.0, 45.8]}, "properties": {"risk_percent": 61.0, "risk_category": "medium"}}, {"type": "Feature", "geometry": {"type": "Point", "coordinates": [34.2, 45.8]}, "properties": {"risk_percent": 62.1, "risk_category": "medium"}}, {"type": "Feature", "geometry": {"type": "Point", "coordinates": [34.5, 45.8]}, "properties": {"risk_percent": 57.0, "risk_category": "medium"}}, {"type": "Feature", "geometry": {"type": "Point", "coordinates": [34.8, 45.8]}, "properties": {"risk_percent": 39.5, "risk_category": "medium"}}, {"type": "Feature", "geometry": {"type": "Point", "coordinates": [35.0, 45.8]}, "properties": {"risk_percent": 21.9, "risk_category": "low"}}, {"type": "Feature", "geometry": {"type": "Point", "coordinates": [35.2, 45.8]}, "properties": {"risk_percent": 9.2, "risk_category": "low"}}, {"type": "Feature", "geometry": {"type": "Point", "coordinates": [35.5, 45.8]}, "properties": {"risk_percent": 6.3, "risk_category": "low"}}, {"type": "Feature", "geometry": {"type": "Point", "coordinates": [35.8, 45.8]}, "properties": {"risk_percent": 6.7, "risk_category": "low"}}, {"type": "Feature", "geometry": {"type": "Point", "coordinates": [36.0, 45.8]}, "properties": {"risk_percent": 7.0, "risk_category": "low"}}, {"type": "Feature", "geometry": {"type": "Point", "coordinates": [36.2, 45.8]}, "properties": {"risk_percent": 5.7, "risk_category": "low"}}, {"type": "Feature", "geometry": {"type": "Point", "coordinates": [36.5, 45.8]}, "properties": {"risk_percent": 5.6, "risk_category": "low"}}, {"type": "Feature", "geometry": {"type": "Point", "coordinates": [36.8, 45.8]}, "properties": {"risk_percent": 8.6, "risk_category": "low"}}, {"type": "Feature", "geometry": {"type": "Point", "coordinates": [37.0, 45.8]}, "properties": {"risk_percent": 8.7, "risk_category": "low"}}, {"type": "Feature", "geometry": {"type": "Point", "coordinates": [37.2, 45.8]}, "properties": {"risk_percent": 19.0, "risk_category": "low"}}, {"type": "Feature", "geometry": {"type": "Point", "coordinates": [37.5, 45.8]}, "properties": {"risk_percent": 27.8, "risk_category": "low"}}, {"type": "Feature", "geometry": {"type": "Point", "coordinates": [37.8, 45.8]}, "properties": {"risk_percent": 29.6, "risk_category": "low"}}, {"type": "Feature", "geometry": {"type": "Point", "coordinates": [38.0, 45.8]}, "properties": {"risk_percent": 26.1, "risk_category": "low"}}, {"type": "Feature", "geometry": {"type": "Point", "coordinates": [38.2, 45.8]}, "properties": {"risk_percent": 23.7, "risk_category": "low"}}, {"type": "Feature", "geometry": {"type": "Point", "coordinates": [27.8, 46.0]}, "properties": {"risk_percent": 43.5, "risk_category": "medium"}}, {"type": "Feature", "geometry": {"type": "Point", "coordinates": [28.0, 46.0]}, "properties": {"risk_percent": 47.1, "risk_category": "medium"}}, {"type": "Feature", "geometry": {"type": "Point", "coordinates": [28.2, 46.0]}, "properties": {"risk_percent": 58.6, "risk_category": "medium"}}, {"type": "Feature", "geometry": {"type": "Point", "coordinates": [28.5, 46.0]}, "properties": {"risk_percent": 42.2, "risk_category": "medium"}}, {"type": "Feature", "geometry": {"type": "Point", "coordinates": [28.8, 46.0]}, "properties": {"risk_percent": 42.3, "risk_category": "medium"}}, {"type": "Feature", "geometry": {"type": "Point", "coordinates": [29.0, 46.0]}, "properties": {"risk_percent": 57.4, "risk_category": "medium"}}, {"type": "Feature", "geometry": {"type": "Point", "coordinates": [29.2, 46.0]}, "properties": {"risk_percent": 61.1, "risk_category": "medium"}}, {"type": "Feature", "geometry": {"type": "Point", "coordinates": [29.5, 46.0]}, "properties": {"risk_percent": 57.5, "risk_category": "medium"}}, {"type": "Feature", "geometry": {"type": "Point", "coordinates": [29.8, 46.0]}, "properties": {"risk_percent": 60.1, "risk_category": "medium"}}, {"type": "Feature", "geometry": {"type": "Point", "coordinates": [30.0, 46.0]}, "properties": {"risk_percent": 62.9, "risk_category": "medium"}}, {"type": "Feature", "geometry": {"type": "Point", "coordinates": [30.2, 46.0]}, "properties": {"risk_percent": 62.6, "risk_category": "medium"}}, {"type": "Feature", "geometry": {"type": "Point", "coordinates": [30.5, 46.0]}, "properties": {"risk_percent": 76.0, "risk_category": "high"}}, {"type": "Feature", "geometry": {"type": "Point", "coordinates": [30.8, 46.0]}, "properties": {"risk_percent": 3.0, "risk_category": "low"}}, {"type": "Feature", "geometry": {"type": "Point", "coordinates": [31.0, 46.0]}, "properties": {"risk_percent": 3.1, "risk_category": "low"}}, {"type": "Feature", "geometry": {"type": "Point", "coordinates": [31.2, 46.0]}, "properties": {"risk_percent": 3.4, "risk_category": "low"}}, {"type": "Feature", "geometry": {"type": "Point", "coordinates": [31.5, 46.0]}, "properties": {"risk_percent": 4.1, "risk_category": "low"}}, {"type": "Feature", "geometry": {"type": "Point", "coordinates": [31.8, 46.0]}, "properties": {"risk_percent": 1.5, "risk_category": "low"}}, {"type": "Feature", "geometry": {"type": "Point", "coordinates": [32.0, 46.0]}, "properties": {"risk_percent": 1.8, "risk_category": "low"}}, {"type": "Feature", "geometry": {"type": "Point", "coordinates": [32.2, 46.0]}, "properties": {"risk_percent": 2.5, "risk_category": "low"}}, {"type": "Feature", "geometry": {"type": "Point", "coordinates": [32.5, 46.0]}, "properties": {"risk_percent": 3.5, "risk_category": "low"}}, {"type": "Feature", "geometry": {"type": "Point", "coordinates": [32.8, 46.0]}, "properties": {"risk_percent": 22.1, "risk_category": "low"}}, {"type": "Feature", "geometry": {"type": "Point", "coordinates": [33.0, 46.0]}, "properties": {"risk_percent": 33.3, "risk_category": "medium"}}, {"type": "Feature", "geometry": {"type": "Point", "coordinates": [33.2, 46.0]}, "properties": {"risk_percent": 54.6, "risk_category": "medium"}}, {"type": "Feature", "geometry": {"type": "Point", "coordinates": [33.5, 46.0]}, "properties": {"risk_percent": 78.4, "risk_category": "high"}}, {"type": "Feature", "geometry": {"type": "Point", "coordinates": [33.8, 46.0]}, "properties": {"risk_percent": 66.8, "risk_category": "high"}}, {"type": "Feature", "geometry": {"type": "Point", "coordinates": [34.0, 46.0]}, "properties": {"risk_percent": 69.9, "risk_category": "high"}}, {"type": "Feature", "geometry": {"type": "Point", "coordinates": [34.2, 46.0]}, "properties": {"risk_percent": 70.9, "risk_category": "high"}}, {"type": "Feature", "geometry": {"type": "Point", "coordinates": [34.5, 46.0]}, "properties": {"risk_percent": 65.9, "risk_category": "medium"}}, {"type": "Feature", "geometry": {"type": "Point", "coordinates": [34.8, 46.0]}, "properties": {"risk_percent": 39.7, "risk_category": "medium"}}, {"type": "Feature", "geometry": {"type": "Point", "coordinates": [35.0, 46.0]}, "properties": {"risk_percent": 27.4, "risk_category": "low"}}, {"type": "Feature", "geometry": {"type": "Point", "coordinates": [35.2, 46.0]}, "properties": {"risk_percent": 18.9, "risk_category": "low"}}, {"type": "Feature", "geometry": {"type": "Point", "coordinates": [35.5, 46.0]}, "properties": {"risk_percent": 5.9, "risk_category": "low"}}, {"type": "Feature", "geometry": {"type": "Point", "coordinates": [35.8, 46.0]}, "properties": {"risk_percent": 7.5, "risk_category": "low"}}, {"type": "Feature", "geometry": {"type": "Point", "coordinates": [36.0, 46.0]}, "properties": {"risk_percent": 7.2, "risk_category": "low"}}, {"type": "Feature", "geometry": {"type": "Point", "coordinates": [36.2, 46.0]}, "properties": {"risk_percent": 7.7, "risk_category": "low"}}, {"type": "Feature", "geometry": {"type": "Point", "coordinates": [36.5, 46.0]}, "properties": {"risk_percent": 6.8, "risk_category": "low"}}, {"type": "Feature", "geometry": {"type": "Point", "coordinates": [36.8, 46.0]}, "properties": {"risk_percent": 5.8, "risk_category": "low"}}, {"type": "Feature", "geometry": {"type": "Point", "coordinates": [37.0, 46.0]}, "properties": {"risk_percent": 12.9, "risk_category": "low"}}, {"type": "Feature", "geometry": {"type": "Point", "coordinates": [37.2, 46.0]}, "properties": {"risk_percent": 21.1, "risk_category": "low"}}, {"type": "Feature", "geometry": {"type": "Point", "coordinates": [37.5, 46.0]}, "properties": {"risk_percent": 28.3, "risk_category": "low"}}, {"type": "Feature", "geometry": {"type": "Point", "coordinates": [37.8, 46.0]}, "properties": {"risk_percent": 20.9, "risk_category": "low"}}, {"type": "Feature", "geometry": {"type": "Point", "coordinates": [38.0, 46.0]}, "properties": {"risk_percent": 25.8, "risk_category": "low"}}, {"type": "Feature", "geometry": {"type": "Point", "coordinates": [38.2, 46.0]}, "properties": {"risk_percent": 28.6, "risk_category": "low"}}, {"type": "Feature", "geometry": {"type": "Point", "coordinates": [38.5, 46.0]}, "properties": {"risk_percent": 27.1, "risk_category": "low"}}, {"type": "Feature", "geometry": {"type": "Point", "coordinates": [26.8, 46.3]}, "properties": {"risk_percent": 59.6, "risk_category": "medium"}}, {"type": "Feature", "geometry": {"type": "Point", "coordinates": [27.0, 46.3]}, "properties": {"risk_percent": 51.7, "risk_category": "medium"}}, {"type": "Feature", "geometry": {"type": "Point", "coordinates": [27.2, 46.3]}, "properties": {"risk_percent": 53.6, "risk_category": "medium"}}, {"type": "Feature", "geometry": {"type": "Point", "coordinates": [27.5, 46.3]}, "properties": {"risk_percent": 33.4, "risk_category": "medium"}}, {"type": "Feature", "geometry": {"type": "Point", "coordinates": [27.8, 46.3]}, "properties": {"risk_percent": 43.8, "risk_category": "medium"}}, {"type": "Feature", "geometry": {"type": "Point", "coordinates": [28.0, 46.3]}, "properties": {"risk_percent": 53.1, "risk_category": "medium"}}, {"type": "Feature", "geometry": {"type": "Point", "coordinates": [28.2, 46.3]}, "properties": {"risk_percent": 57.6, "risk_category": "medium"}}, {"type": "Feature", "geometry": {"type": "Point", "coordinates": [28.5, 46.3]}, "properties": {"risk_percent": 47.2, "risk_category": "medium"}}, {"type": "Feature", "geometry": {"type": "Point", "coordinates": [28.8, 46.3]}, "properties": {"risk_percent": 60.5, "risk_category": "medium"}}, {"type": "Feature", "geometry": {"type": "Point", "coordinates": [29.0, 46.3]}, "properties": {"risk_percent": 58.5, "risk_category": "medium"}}, {"type": "Feature", "geometry": {"type": "Point", "coordinates": [29.2, 46.3]}, "properties": {"risk_percent": 60.2, "risk_category": "medium"}}, {"type": "Feature", "geometry": {"type": "Point", "coordinates": [29.5, 46.3]}, "properties": {"risk_percent": 61.7, "risk_category": "medium"}}, {"type": "Feature", "geometry": {"type": "Point", "coordinates": [29.8, 46.3]}, "properties": {"risk_percent": 59.3, "risk_category": "medium"}}, {"type": "Feature", "geometry": {"type": "Point", "coordinates": [30.0, 46.3]}, "properties": {"risk_percent": 63.2, "risk_category": "medium"}}, {"type": "Feature", "geometry": {"type": "Point", "coordinates": [30.2, 46.3]}, "properties": {"risk_percent": 69.3, "risk_category": "high"}}, {"type": "Feature", "geometry": {"type": "Point", "coordinates": [30.5, 46.3]}, "properties": {"risk_percent": 62.8, "risk_category": "medium"}}, {"type": "Feature", "geometry": {"type": "Point", "coordinates": [30.8, 46.3]}, "properties": {"risk_percent": 67.3, "risk_category": "high"}}, {"type": "Feature", "geometry": {"type": "Point", "coordinates": [31.0, 46.3]}, "properties": {"risk_percent": 4.1, "risk_category": "low"}}, {"type": "Feature", "geometry": {"type": "Point", "coordinates": [31.2, 46.3]}, "properties": {"risk_percent": 4.5, "risk_category": "low"}}, {"type": "Feature", "geometry": {"type": "Point", "coordinates": [31.5, 46.3]}, "properties": {"risk_percent": 7.0, "risk_category": "low"}}, {"type": "Feature", "geometry": {"type": "Point", "coordinates": [31.8, 46.3]}, "properties": {"risk_percent": 23.1, "risk_category": "low"}}, {"type": "Feature", "geometry": {"type": "Point", "coordinates": [32.0, 46.3]}, "properties": {"risk_percent": 74.5, "risk_category": "high"}}, {"type": "Feature", "geometry": {"type": "Point", "coordinates": [32.2, 46.3]}, "properties": {"risk_percent": 67.8, "risk_category": "high"}}, {"type": "Feature", "geometry": {"type": "Point", "coordinates": [32.5, 46.3]}, "properties": {"risk_percent": 61.1, "risk_category": "medium"}}, {"type": "Feature", "geometry": {"type": "Point", "coordinates": [32.8, 46.3]}, "properties": {"risk_percent": 59.3, "risk_category": "medium"}}, {"type": "Feature", "geometry": {"type": "Point", "coordinates": [33.0, 46.3]}, "properties": {"risk_percent": 60.9, "risk_category": "medium"}}, {"type": "Feature", "geometry": {"type": "Point", "coordinates": [33.2, 46.3]}, "properties": {"risk_percent": 68.9, "risk_category": "high"}}, {"type": "Feature", "geometry": {"type": "Point", "coordinates": [33.5, 46.3]}, "properties": {"risk_percent": 68.6, "risk_category": "high"}}, {"type": "Feature", "geometry": {"type": "Point", "coordinates": [33.8, 46.3]}, "properties": {"risk_percent": 71.9, "risk_category": "high"}}, {"type": "Feature", "geometry": {"type": "Point", "coordinates": [34.0, 46.3]}, "properties": {"risk_percent": 64.4, "risk_category": "medium"}}, {"type": "Feature", "geometry": {"type": "Point", "coordinates": [34.2, 46.3]}, "properties": {"risk_percent": 69.6, "risk_category": "high"}}, {"type": "Feature", "geometry": {"type": "Point", "coordinates": [34.5, 46.3]}, "properties": {"risk_percent": 67.4, "risk_category": "high"}}, {"type": "Feature", "geometry": {"type": "Point", "coordinates": [34.8, 46.3]}, "properties": {"risk_percent": 69.5, "risk_category": "high"}}, {"type": "Feature", "geometry": {"type": "Point", "coordinates": [35.0, 46.3]}, "properties": {"risk_percent": 64.4, "risk_category": "medium"}}, {"type": "Feature", "geometry": {"type": "Point", "coordinates": [35.2, 46.3]}, "properties": {"risk_percent": 57.5, "risk_category": "medium"}}, {"type": "Feature", "geometry": {"type": "Point", "coordinates": [35.5, 46.3]}, "properties": {"risk_percent": 21.6, "risk_category": "low"}}, {"type": "Feature", "geometry": {"type": "Point", "coordinates": [35.8, 46.3]}, "properties": {"risk_percent": 18.7, "risk_category": "low"}}, {"type": "Feature", "geometry": {"type": "Point", "coordinates": [36.0, 46.3]}, "properties": {"risk_percent": 18.9, "risk_category": "low"}}, {"type": "Feature", "geometry": {"type": "Point", "coordinates": [36.2, 46.3]}, "properties": {"risk_percent": 16.7, "risk_category": "low"}}, {"type": "Feature", "geometry": {"type": "Point", "coordinates": [36.5, 46.3]}, "properties": {"risk_percent": 15.1, "risk_category": "low"}}, {"type": "Feature", "geometry": {"type": "Point", "coordinates": [36.8, 46.3]}, "properties": {"risk_percent": 14.7, "risk_category": "low"}}, {"type": "Feature", "geometry": {"type": "Point", "coordinates": [37.0, 46.3]}, "properties": {"risk_percent": 15.8, "risk_category": "low"}}, {"type": "Feature", "geometry": {"type": "Point", "coordinates": [37.2, 46.3]}, "properties": {"risk_percent": 22.0, "risk_category": "low"}}, {"type": "Feature", "geometry": {"type": "Point", "coordinates": [37.5, 46.3]}, "properties": {"risk_percent": 28.1, "risk_category": "low"}}, {"type": "Feature", "geometry": {"type": "Point", "coordinates": [37.8, 46.3]}, "properties": {"risk_percent": 28.3, "risk_category": "low"}}, {"type": "Feature", "geometry": {"type": "Point", "coordinates": [38.0, 46.3]}, "properties": {"risk_percent": 27.5, "risk_category": "low"}}, {"type": "Feature", "geometry": {"type": "Point", "coordinates": [38.2, 46.3]}, "properties": {"risk_percent": 30.4, "risk_category": "low"}}, {"type": "Feature", "geometry": {"type": "Point", "coordinates": [38.5, 46.3]}, "properties": {"risk_percent": 32.6, "risk_category": "low"}}, {"type": "Feature", "geometry": {"type": "Point", "coordinates": [26.0, 46.6]}, "properties": {"risk_percent": 18.1, "risk_category": "low"}}, {"type": "Feature", "geometry": {"type": "Point", "coordinates": [26.2, 46.6]}, "properties": {"risk_percent": 13.4, "risk_category": "low"}}, {"type": "Feature", "geometry": {"type": "Point", "coordinates": [26.5, 46.6]}, "properties": {"risk_percent": 28.7, "risk_category": "low"}}, {"type": "Feature", "geometry": {"type": "Point", "coordinates": [26.8, 46.6]}, "properties": {"risk_percent": 58.6, "risk_category": "medium"}}, {"type": "Feature", "geometry": {"type": "Point", "coordinates": [27.0, 46.6]}, "properties": {"risk_percent": 62.4, "risk_category": "medium"}}, {"type": "Feature", "geometry": {"type": "Point", "coordinates": [27.2, 46.6]}, "properties": {"risk_percent": 41.2, "risk_category": "medium"}}, {"type": "Feature", "geometry": {"type": "Point", "coordinates": [27.5, 46.6]}, "properties": {"risk_percent": 19.0, "risk_category": "low"}}, {"type": "Feature", "geometry": {"type": "Point", "coordinates": [27.8, 46.6]}, "properties": {"risk_percent": 67.6, "risk_category": "high"}}, {"type": "Feature", "geometry": {"type": "Point", "coordinates": [28.0, 46.6]}, "properties": {"risk_percent": 56.9, "risk_category": "medium"}}, {"type": "Feature", "geometry": {"type": "Point", "coordinates": [28.2, 46.6]}, "properties": {"risk_percent": 60.1, "risk_category": "medium"}}, {"type": "Feature", "geometry": {"type": "Point", "coordinates": [28.5, 46.6]}, "properties": {"risk_percent": 46.3, "risk_category": "medium"}}, {"type": "Feature", "geometry": {"type": "Point", "coordinates": [28.8, 46.6]}, "properties": {"risk_percent": 62.3, "risk_category": "medium"}}, {"type": "Feature", "geometry": {"type": "Point", "coordinates": [29.0, 46.6]}, "properties": {"risk_percent": 47.3, "risk_category": "medium"}}, {"type": "Feature", "geometry": {"type": "Point", "coordinates": [29.2, 46.6]}, "properties": {"risk_percent": 44.0, "risk_category": "medium"}}, {"type": "Feature", "geometry": {"type": "Point", "coordinates": [29.5, 46.6]}, "properties": {"risk_percent": 49.8, "risk_category": "medium"}}, {"type": "Feature", "geometry": {"type": "Point", "coordinates": [29.8, 46.6]}, "properties": {"risk_percent": 59.3, "risk_category": "medium"}}, {"type": "Feature", "geometry": {"type": "Point", "coordinates": [30.0, 46.6]}, "properties": {"risk_percent": 58.7, "risk_category": "medium"}}, {"type": "Feature", "geometry": {"type": "Point", "coordinates": [30.2, 46.6]}, "properties": {"risk_percent": 57.6, "risk_category": "medium"}}, {"type": "Feature", "geometry": {"type": "Point", "coordinates": [30.5, 46.6]}, "properties": {"risk_percent": 62.0, "risk_category": "medium"}}, {"type": "Feature", "geometry": {"type": "Point", "coordinates": [30.8, 46.6]}, "properties": {"risk_percent": 72.7, "risk_category": "high"}}, {"type": "Feature", "geometry": {"type": "Point", "coordinates": [31.0, 46.6]}, "properties": {"risk_percent": 71.0, "risk_category": "high"}}, {"type": "Feature", "geometry": {"type": "Point", "coordinates": [31.2, 46.6]}, "properties": {"risk_percent": 68.8, "risk_category": "high"}}, {"type": "Feature", "geometry": {"type": "Point", "coordinates": [31.5, 46.6]}, "properties": {"risk_percent": 74.4, "risk_category": "high"}}, {"type": "Feature", "geometry": {"type": "Point", "coordinates": [31.8, 46.6]}, "properties": {"risk_percent": 71.8, "risk_category": "high"}}, {"type": "Feature", "geometry": {"type": "Point", "coordinates": [32.0, 46.6]}, "properties": {"risk_percent": 71.6, "risk_category": "high"}}, {"type": "Feature", "geometry": {"type": "Point", "coordinates": [32.2, 46.6]}, "properties": {"risk_percent": 71.0, "risk_category": "high"}}, {"type": "Feature", "geometry": {"type": "Point", "coordinates": [32.5, 46.6]}, "properties": {"risk_percent": 67.5, "risk_category": "high"}}, {"type": "Feature", "geometry": {"type": "Point", "coordinates": [32.8, 46.6]}, "properties": {"risk_percent": 62.8, "risk_category": "medium"}}, {"type": "Feature", "geometry": {"type": "Point", "coordinates": [33.0, 46.6]}, "properties": {"risk_percent": 55.1, "risk_category": "medium"}}, {"type": "Feature", "geometry": {"type": "Point", "coordinates": [33.2, 46.6]}, "properties": {"risk_percent": 48.2, "risk_category": "medium"}}, {"type": "Feature", "geometry": {"type": "Point", "coordinates": [33.5, 46.6]}, "properties": {"risk_percent": 53.1, "risk_category": "medium"}}, {"type": "Feature", "geometry": {"type": "Point", "coordinates": [33.8, 46.6]}, "properties": {"risk_percent": 45.5, "risk_category": "medium"}}, {"type": "Feature", "geometry": {"type": "Point", "coordinates": [34.0, 46.6]}, "properties": {"risk_percent": 41.0, "risk_category": "medium"}}, {"type": "Feature", "geometry": {"type": "Point", "coordinates": [34.2, 46.6]}, "properties": {"risk_percent": 37.6, "risk_category": "medium"}}, {"type": "Feature", "geometry": {"type": "Point", "coordinates": [34.5, 46.6]}, "properties": {"risk_percent": 36.0, "risk_category": "medium"}}, {"type": "Feature", "geometry": {"type": "Point", "coordinates": [34.8, 46.6]}, "properties": {"risk_percent": 41.9, "risk_category": "medium"}}, {"type": "Feature", "geometry": {"type": "Point", "coordinates": [35.0, 46.6]}, "properties": {"risk_percent": 58.6, "risk_category": "medium"}}, {"type": "Feature", "geometry": {"type": "Point", "coordinates": [35.2, 46.6]}, "properties": {"risk_percent": 66.3, "risk_category": "high"}}, {"type": "Feature", "geometry": {"type": "Point", "coordinates": [35.5, 46.6]}, "properties": {"risk_percent": 66.7, "risk_category": "high"}}, {"type": "Feature", "geometry": {"type": "Point", "coordinates": [35.8, 46.6]}, "properties": {"risk_percent": 69.8, "risk_category": "high"}}, {"type": "Feature", "geometry": {"type": "Point", "coordinates": [36.0, 46.6]}, "properties": {"risk_percent": 68.6, "risk_category": "high"}}, {"type": "Feature", "geometry": {"type": "Point", "coordinates": [36.2, 46.6]}, "properties": {"risk_percent": 51.0, "risk_category": "medium"}}, {"type": "Feature", "geometry": {"type": "Point", "coordinates": [36.5, 46.6]}, "properties": {"risk_percent": 46.9, "risk_category": "medium"}}, {"type": "Feature", "geometry": {"type": "Point", "coordinates": [36.8, 46.6]}, "properties": {"risk_percent": 52.8, "risk_category": "medium"}}, {"type": "Feature", "geometry": {"type": "Point", "coordinates": [37.0, 46.6]}, "properties": {"risk_percent": 35.0, "risk_category": "medium"}}, {"type": "Feature", "geometry": {"type": "Point", "coordinates": [37.2, 46.6]}, "properties": {"risk_percent": 31.3, "risk_category": "low"}}, {"type": "Feature", "geometry": {"type": "Point", "coordinates": [37.5, 46.6]}, "properties": {"risk_percent": 31.0, "risk_category": "low"}}, {"type": "Feature", "geometry": {"type": "Point", "coordinates": [37.8, 46.6]}, "properties": {"risk_percent": 50.1, "risk_category": "medium"}}, {"type": "Feature", "geometry": {"type": "Point", "coordinates": [38.0, 46.6]}, "properties": {"risk_percent": 49.5, "risk_category": "medium"}}, {"type": "Feature", "geometry": {"type": "Point", "coordinates": [38.2, 46.6]}, "properties": {"risk_percent": 33.7, "risk_category": "medium"}}, {"type": "Feature", "geometry": {"type": "Point", "coordinates": [38.5, 46.6]}, "properties": {"risk_percent": 36.0, "risk_category": "medium"}}, {"type": "Feature", "geometry": {"type": "Point", "coordinates": [38.8, 46.6]}, "properties": {"risk_percent": 26.7, "risk_category": "low"}}, {"type": "Feature", "geometry": {"type": "Point", "coordinates": [39.0, 46.6]}, "properties": {"risk_percent": 28.4, "risk_category": "low"}}, {"type": "Feature", "geometry": {"type": "Point", "coordinates": [25.5, 46.8]}, "properties": {"risk_percent": 21.2, "risk_category": "low"}}, {"type": "Feature", "geometry": {"type": "Point", "coordinates": [25.8, 46.8]}, "properties": {"risk_percent": 33.2, "risk_category": "medium"}}, {"type": "Feature", "geometry": {"type": "Point", "coordinates": [26.0, 46.8]}, "properties": {"risk_percent": 26.6, "risk_category": "low"}}, {"type": "Feature", "geometry": {"type": "Point", "coordinates": [26.2, 46.8]}, "properties": {"risk_percent": 25.8, "risk_category": "low"}}, {"type": "Feature", "geometry": {"type": "Point", "coordinates": [26.5, 46.8]}, "properties": {"risk_percent": 59.2, "risk_category": "medium"}}, {"type": "Feature", "geometry": {"type": "Point", "coordinates": [26.8, 46.8]}, "properties": {"risk_percent": 65.9, "risk_category": "medium"}}, {"type": "Feature", "geometry": {"type": "Point", "coordinates": [27.0, 46.8]}, "properties": {"risk_percent": 65.9, "risk_category": "medium"}}, {"type": "Feature", "geometry": {"type": "Point", "coordinates": [27.2, 46.8]}, "properties": {"risk_percent": 52.9, "risk_category": "medium"}}, {"type": "Feature", "geometry": {"type": "Point", "coordinates": [27.5, 46.8]}, "properties": {"risk_percent": 65.1, "risk_category": "medium"}}, {"type": "Feature", "geometry": {"type": "Point", "coordinates": [27.8, 46.8]}, "properties": {"risk_percent": 57.6, "risk_category": "medium"}}, {"type": "Feature", "geometry": {"type": "Point", "coordinates": [28.0, 46.8]}, "properties": {"risk_percent": 63.3, "risk_category": "medium"}}, {"type": "Feature", "geometry": {"type": "Point", "coordinates": [28.2, 46.8]}, "properties": {"risk_percent": 60.0, "risk_category": "medium"}}, {"type": "Feature", "geometry": {"type": "Point", "coordinates": [28.5, 46.8]}, "properties": {"risk_percent": 52.0, "risk_category": "medium"}}, {"type": "Feature", "geometry": {"type": "Point", "coordinates": [28.8, 46.8]}, "properties": {"risk_percent": 59.5, "risk_category": "medium"}}, {"type": "Feature", "geometry": {"type": "Point", "coordinates": [29.0, 46.8]}, "properties": {"risk_percent": 59.5, "risk_category": "medium"}}, {"type": "Feature", "geometry": {"type": "Point", "coordinates": [29.2, 46.8]}, "properties": {"risk_percent": 56.8, "risk_category": "medium"}}, {"type": "Feature", "geometry": {"type": "Point", "coordinates": [29.5, 46.8]}, "properties": {"risk_percent": 58.1, "risk_category": "medium"}}, {"type": "Feature", "geometry": {"type": "Point", "coordinates": [29.8, 46.8]}, "properties": {"risk_percent": 49.8, "risk_category": "medium"}}, {"type": "Feature", "geometry": {"type": "Point", "coordinates": [30.0, 46.8]}, "properties": {"risk_percent": 46.4, "risk_category": "medium"}}, {"type": "Feature", "geometry": {"type": "Point", "coordinates": [30.2, 46.8]}, "properties": {"risk_percent": 47.9, "risk_category": "medium"}}, {"type": "Feature", "geometry": {"type": "Point", "coordinates": [30.5, 46.8]}, "properties": {"risk_percent": 68.9, "risk_category": "high"}}, {"type": "Feature", "geometry": {"type": "Point", "coordinates": [30.8, 46.8]}, "properties": {"risk_percent": 56.5, "risk_category": "medium"}}, {"type": "Feature", "geometry": {"type": "Point", "coordinates": [31.0, 46.8]}, "properties": {"risk_percent": 62.3, "risk_category": "medium"}}, {"type": "Feature", "geometry": {"type": "Point", "coordinates": [31.2, 46.8]}, "properties": {"risk_percent": 62.0, "risk_category": "medium"}}, {"type": "Feature", "geometry": {"type": "Point", "coordinates": [31.5, 46.8]}, "properties": {"risk_percent": 62.6, "risk_category": "medium"}}, {"type": "Feature", "geometry": {"type": "Point", "coordinates": [31.8, 46.8]}, "properties": {"risk_percent": 62.7, "risk_category": "medium"}}, {"type": "Feature", "geometry": {"type": "Point", "coordinates": [32.0, 46.8]}, "properties": {"risk_percent": 61.2, "risk_category": "medium"}}, {"type": "Feature", "geometry": {"type": "Point", "coordinates": [32.2, 46.8]}, "properties": {"risk_percent": 55.9, "risk_category": "medium"}}, {"type": "Feature", "geometry": {"type": "Point", "coordinates": [32.5, 46.8]}, "properties": {"risk_percent": 45.4, "risk_category": "medium"}}, {"type": "Feature", "geometry": {"type": "Point", "coordinates": [32.8, 46.8]}, "properties": {"risk_percent": 53.1, "risk_category": "medium"}}, {"type": "Feature", "geometry": {"type": "Point", "coordinates": [33.0, 46.8]}, "properties": {"risk_percent": 64.1, "risk_category": "medium"}}, {"type": "Feature", "geometry": {"type": "Point", "coordinates": [33.2, 46.8]}, "properties": {"risk_percent": 62.7, "risk_category": "medium"}}, {"type": "Feature", "geometry": {"type": "Point", "coordinates": [33.5, 46.8]}, "properties": {"risk_percent": 59.4, "risk_category": "medium"}}, {"type": "Feature", "geometry": {"type": "Point", "coordinates": [33.8, 46.8]}, "properties": {"risk_percent": 47.0, "risk_category": "medium"}}, {"type": "Feature", "geometry": {"type": "Point", "coordinates": [34.0, 46.8]}, "properties": {"risk_percent": 34.6, "risk_category": "medium"}}, {"type": "Feature", "geometry": {"type": "Point", "coordinates": [34.2, 46.8]}, "properties": {"risk_percent": 31.3, "risk_category": "low"}}, {"type": "Feature", "geometry": {"type": "Point", "coordinates": [34.5, 46.8]}, "properties": {"risk_percent": 29.3, "risk_category": "low"}}, {"type": "Feature", "geometry": {"type": "Point", "coordinates": [34.8, 46.8]}, "properties": {"risk_percent": 36.2, "risk_category": "medium"}}, {"type": "Feature", "geometry": {"type": "Point", "coordinates": [35.0, 46.8]}, "properties": {"risk_percent": 51.3, "risk_category": "medium"}}, {"type": "Feature", "geometry": {"type": "Point", "coordinates": [35.2, 46.8]}, "properties": {"risk_percent": 48.7, "risk_category": "medium"}}, {"type": "Feature", "geometry": {"type": "Point", "coordinates": [35.5, 46.8]}, "properties": {"risk_percent": 43.6, "risk_category": "medium"}}, {"type": "Feature", "geometry": {"type": "Point", "coordinates": [35.8, 46.8]}, "properties": {"risk_percent": 42.5, "risk_category": "medium"}}, {"type": "Feature", "geometry": {"type": "Point", "coordinates": [36.0, 46.8]}, "properties": {"risk_percent": 36.4, "risk_category": "medium"}}, {"type": "Feature", "geometry": {"type": "Point", "coordinates": [36.2, 46.8]}, "properties": {"risk_percent": 47.2, "risk_category": "medium"}}, {"type": "Feature", "geometry": {"type": "Point", "coordinates": [36.5, 46.8]}, "properties": {"risk_percent": 71.6, "risk_category": "high"}}, {"type": "Feature", "geometry": {"type": "Point", "coordinates": [36.8, 46.8]}, "properties": {"risk_percent": 71.8, "risk_category": "high"}}, {"type": "Feature", "geometry": {"type": "Point", "coordinates": [37.0, 46.8]}, "properties": {"risk_percent": 60.3, "risk_category": "medium"}}, {"type": "Feature", "geometry": {"type": "Point", "coordinates": [37.2, 46.8]}, "properties": {"risk_percent": 42.3, "risk_category": "medium"}}, {"type": "Feature", "geometry": {"type": "Point", "coordinates": [37.5, 46.8]}, "properties": {"risk_percent": 34.3, "risk_category": "medium"}}, {"type": "Feature", "geometry": {"type": "Point", "coordinates": [37.8, 46.8]}, "properties": {"risk_percent": 48.3, "risk_category": "medium"}}, {"type": "Feature", "geometry": {"type": "Point", "coordinates": [38.0, 46.8]}, "properties": {"risk_percent": 38.9, "risk_category": "medium"}}, {"type": "Feature", "geometry": {"type": "Point", "coordinates": [38.2, 46.8]}, "properties": {"risk_percent": 54.1, "risk_category": "medium"}}, {"type": "Feature", "geometry": {"type": "Point", "coordinates": [38.5, 46.8]}, "properties": {"risk_percent": 43.8, "risk_category": "medium"}}, {"type": "Feature", "geometry": {"type": "Point", "coordinates": [38.8, 46.8]}, "properties": {"risk_percent": 33.6, "risk_category": "medium"}}, {"type": "Feature", "geometry": {"type": "Point", "coordinates": [39.0, 46.8]}, "properties": {"risk_percent": 36.4, "risk_category": "medium"}}, {"type": "Feature", "geometry": {"type": "Point", "coordinates": [24.8, 47.0]}, "properties": {"risk_percent": 23.9, "risk_category": "low"}}, {"type": "Feature", "geometry": {"type": "Point", "coordinates": [25.0, 47.0]}, "properties": {"risk_percent": 21.6, "risk_category": "low"}}, {"type": "Feature", "geometry": {"type": "Point", "coordinates": [25.2, 47.0]}, "properties": {"risk_percent": 17.5, "risk_category": "low"}}, {"type": "Feature", "geometry": {"type": "Point", "coordinates": [25.5, 47.0]}, "properties": {"risk_percent": 32.6, "risk_category": "low"}}, {"type": "Feature", "geometry": {"type": "Point", "coordinates": [25.8, 47.0]}, "properties": {"risk_percent": 16.7, "risk_category": "low"}}, {"type": "Feature", "geometry": {"type": "Point", "coordinates": [26.0, 47.0]}, "properties": {"risk_percent": 32.8, "risk_category": "low"}}, {"type": "Feature", "geometry": {"type": "Point", "coordinates": [26.2, 47.0]}, "properties": {"risk_percent": 26.1, "risk_category": "low"}}, {"type": "Feature", "geometry": {"type": "Point", "coordinates": [26.5, 47.0]}, "properties": {"risk_percent": 38.5, "risk_category": "medium"}}, {"type": "Feature", "geometry": {"type": "Point", "coordinates": [26.8, 47.0]}, "properties": {"risk_percent": 57.9, "risk_category": "medium"}}, {"type": "Feature", "geometry": {"type": "Point", "coordinates": [27.0, 47.0]}, "properties": {"risk_percent": 40.9, "risk_category": "medium"}}, {"type": "Feature", "geometry": {"type": "Point", "coordinates": [27.2, 47.0]}, "properties": {"risk_percent": 60.9, "risk_category": "medium"}}, {"type": "Feature", "geometry": {"type": "Point", "coordinates": [27.5, 47.0]}, "properties": {"risk_percent": 65.7, "risk_category": "medium"}}, {"type": "Feature", "geometry": {"type": "Point", "coordinates": [27.8, 47.0]}, "properties": {"risk_percent": 28.6, "risk_category": "low"}}, {"type": "Feature", "geometry": {"type": "Point", "coordinates": [28.0, 47.0]}, "properties": {"risk_percent": 53.7, "risk_category": "medium"}}, {"type": "Feature", "geometry": {"type": "Point", "coordinates": [28.2, 47.0]}, "properties": {"risk_percent": 54.6, "risk_category": "medium"}}, {"type": "Feature", "geometry": {"type": "Point", "coordinates": [28.5, 47.0]}, "properties": {"risk_percent": 54.7, "risk_category": "medium"}}, {"type": "Feature", "geometry": {"type": "Point", "coordinates": [28.8, 47.0]}, "properties": {"risk_percent": 53.6, "risk_category": "medium"}}, {"type": "Feature", "geometry": {"type": "Point", "coordinates": [29.0, 47.0]}, "properties": {"risk_percent": 61.0, "risk_category": "medium"}}, {"type": "Feature", "geometry": {"type": "Point", "coordinates": [29.2, 47.0]}, "properties": {"risk_percent": 60.8, "risk_category": "medium"}}, {"type": "Feature", "geometry": {"type": "Point", "coordinates": [29.5, 47.0]}, "properties": {"risk_percent": 47.4, "risk_category": "medium"}}, {"type": "Feature", "geometry": {"type": "Point", "coordinates": [29.8, 47.0]}, "properties": {"risk_percent": 46.3, "risk_category": "medium"}}, {"type": "Feature", "geometry": {"type": "Point", "coordinates": [30.0, 47.0]}, "properties": {"risk_percent": 39.5, "risk_category": "medium"}}, {"type": "Feature", "geometry": {"type": "Point", "coordinates": [30.2, 47.0]}, "properties": {"risk_percent": 47.9, "risk_category": "medium"}}, {"type": "Feature", "geometry": {"type": "Point", "coordinates": [30.5, 47.0]}, "properties": {"risk_percent": 34.0, "risk_category": "medium"}}, {"type": "Feature", "geometry": {"type": "Point", "coordinates": [30.8, 47.0]}, "properties": {"risk_percent": 36.7, "risk_category": "medium"}}, {"type": "Feature", "geometry": {"type": "Point", "coordinates": [31.0, 47.0]}, "properties": {"risk_percent": 59.2, "risk_category": "medium"}}, {"type": "Feature", "geometry": {"type": "Point", "coordinates": [31.2, 47.0]}, "properties": {"risk_percent": 42.5, "risk_category": "medium"}}, {"type": "Feature", "geometry": {"type": "Point", "coordinates": [31.5, 47.0]}, "properties": {"risk_percent": 48.1, "risk_category": "medium"}}, {"type": "Feature", "geometry": {"type": "Point", "coordinates": [31.8, 47.0]}, "properties": {"risk_percent": 68.6, "risk_category": "high"}}, {"type": "Feature", "geometry": {"type": "Point", "coordinates": [32.0, 47.0]}, "properties": {"risk_percent": 62.6, "risk_category": "medium"}}, {"type": "Feature", "geometry": {"type": "Point", "coordinates": [32.2, 47.0]}, "properties": {"risk_percent": 40.2, "risk_category": "medium"}}, {"type": "Feature", "geometry": {"type": "Point", "coordinates": [32.5, 47.0]}, "properties": {"risk_percent": 37.1, "risk_category": "medium"}}, {"type": "Feature", "geometry": {"type": "Point", "coordinates": [32.8, 47.0]}, "properties": {"risk_percent": 43.2, "risk_category": "medium"}}, {"type": "Feature", "geometry": {"type": "Point", "coordinates": [33.0, 47.0]}, "properties": {"risk_percent": 35.4, "risk_category": "medium"}}, {"type": "Feature", "geometry": {"type": "Point", "coordinates": [33.2, 47.0]}, "properties": {"risk_percent": 36.1, "risk_category": "medium"}}, {"type": "Feature", "geometry": {"type": "Point", "coordinates": [33.5, 47.0]}, "properties": {"risk_percent": 50.0, "risk_category": "medium"}}, {"type": "Feature", "geometry": {"type": "Point", "coordinates": [33.8, 47.0]}, "properties": {"risk_percent": 65.6, "risk_category": "medium"}}, {"type": "Feature", "geometry": {"type": "Point", "coordinates": [34.0, 47.0]}, "properties": {"risk_percent": 41.0, "risk_category": "medium"}}, {"type": "Feature", "geometry": {"type": "Point", "coordinates": [34.2, 47.0]}, "properties": {"risk_percent": 40.0, "risk_category": "medium"}}, {"type": "Feature", "geometry": {"type": "Point", "coordinates": [34.5, 47.0]}, "properties": {"risk_percent": 40.7, "risk_category": "medium"}}, {"type": "Feature", "geometry": {"type": "Point", "coordinates": [34.8, 47.0]}, "properties": {"risk_percent": 44.8, "risk_category": "medium"}}, {"type": "Feature", "geometry": {"type": "Point", "coordinates": [35.0, 47.0]}, "properties": {"risk_percent": 34.8, "risk_category": "medium"}}, {"type": "Feature", "geometry": {"type": "Point", "coordinates": [35.2, 47.0]}, "properties": {"risk_percent": 28.5, "risk_category": "low"}}, {"type": "Feature", "geometry": {"type": "Point", "coordinates": [35.5, 47.0]}, "properties": {"risk_percent": 31.9, "risk_category": "low"}}, {"type": "Feature", "geometry": {"type": "Point", "coordinates": [35.8, 47.0]}, "properties": {"risk_percent": 29.5, "risk_category": "low"}}, {"type": "Feature", "geometry": {"type": "Point", "coordinates": [36.0, 47.0]}, "properties": {"risk_percent": 33.0, "risk_category": "medium"}}, {"type": "Feature", "geometry": {"type": "Point", "coordinates": [36.2, 47.0]}, "properties": {"risk_percent": 25.9, "risk_category": "low"}}, {"type": "Feature", "geometry": {"type": "Point", "coordinates": [36.5, 47.0]}, "properties": {"risk_percent": 28.1, "risk_category": "low"}}, {"type": "Feature", "geometry": {"type": "Point", "coordinates": [36.8, 47.0]}, "properties": {"risk_percent": 39.0, "risk_category": "medium"}}, {"type": "Feature", "geometry": {"type": "Point", "coordinates": [37.0, 47.0]}, "properties": {"risk_percent": 41.8, "risk_category": "medium"}}, {"type": "Feature", "geometry": {"type": "Point", "coordinates": [37.2, 47.0]}, "properties": {"risk_percent": 57.9, "risk_category": "medium"}}, {"type": "Feature", "geometry": {"type": "Point", "coordinates": [37.5, 47.0]}, "properties": {"risk_percent": 69.1, "risk_category": "high"}}, {"type": "Feature", "geometry": {"type": "Point", "coordinates": [37.8, 47.0]}, "properties": {"risk_percent": 61.8, "risk_category": "medium"}}, {"type": "Feature", "geometry": {"type": "Point", "coordinates": [38.0, 47.0]}, "properties": {"risk_percent": 60.0, "risk_category": "medium"}}, {"type": "Feature", "geometry": {"type": "Point", "coordinates": [38.2, 47.0]}, "properties": {"risk_percent": 70.5, "risk_category": "high"}}, {"type": "Feature", "geometry": {"type": "Point", "coordinates": [38.5, 47.0]}, "properties": {"risk_percent": 69.6, "risk_category": "high"}}, {"type": "Feature", "geometry": {"type": "Point", "coordinates": [38.8, 47.0]}, "properties": {"risk_percent": 45.1, "risk_category": "medium"}}, {"type": "Feature", "geometry": {"type": "Point", "coordinates": [39.0, 47.0]}, "properties": {"risk_percent": 58.1, "risk_category": "medium"}}, {"type": "Feature", "geometry": {"type": "Point", "coordinates": [39.2, 47.0]}, "properties": {"risk_percent": 50.5, "risk_category": "medium"}}, {"type": "Feature", "geometry": {"type": "Point", "coordinates": [24.0, 47.3]}, "properties": {"risk_percent": 23.5, "risk_category": "low"}}, {"type": "Feature", "geometry": {"type": "Point", "coordinates": [24.2, 47.3]}, "properties": {"risk_percent": 33.5, "risk_category": "medium"}}, {"type": "Feature", "geometry": {"type": "Point", "coordinates": [24.5, 47.3]}, "properties": {"risk_percent": 27.0, "risk_category": "low"}}, {"type": "Feature", "geometry": {"type": "Point", "coordinates": [24.8, 47.3]}, "properties": {"risk_percent": 29.2, "risk_category": "low"}}, {"type": "Feature", "geometry": {"type": "Point", "coordinates": [25.0, 47.3]}, "properties": {"risk_percent": 20.3, "risk_category": "low"}}, {"type": "Feature", "geometry": {"type": "Point", "coordinates": [25.2, 47.3]}, "properties": {"risk_percent": 21.3, "risk_category": "low"}}, {"type": "Feature", "geometry": {"type": "Point", "coordinates": [25.5, 47.3]}, "properties": {"risk_percent": 23.4, "risk_category": "low"}}, {"type": "Feature", "geometry": {"type": "Point", "coordinates": [25.8, 47.3]}, "properties": {"risk_percent": 14.6, "risk_category": "low"}}, {"type": "Feature", "geometry": {"type": "Point", "coordinates": [26.0, 47.3]}, "properties": {"risk_percent": 24.5, "risk_category": "low"}}, {"type": "Feature", "geometry": {"type": "Point", "coordinates": [26.2, 47.3]}, "properties": {"risk_percent": 25.8, "risk_category": "low"}}, {"type": "Feature", "geometry": {"type": "Point", "coordinates": [26.5, 47.3]}, "properties": {"risk_percent": 55.2, "risk_category": "medium"}}, {"type": "Feature", "geometry": {"type": "Point", "coordinates": [26.8, 47.3]}, "properties": {"risk_percent": 57.9, "risk_category": "medium"}}, {"type": "Feature", "geometry": {"type": "Point", "coordinates": [27.0, 47.3]}, "properties": {"risk_percent": 34.3, "risk_category": "medium"}}, {"type": "Feature", "geometry": {"type": "Point", "coordinates": [27.2, 47.3]}, "properties": {"risk_percent": 53.3, "risk_category": "medium"}}, {"type": "Feature", "geometry": {"type": "Point", "coordinates": [27.5, 47.3]}, "properties": {"risk_percent": 32.7, "risk_category": "low"}}, {"type": "Feature", "geometry": {"type": "Point", "coordinates": [27.8, 47.3]}, "properties": {"risk_percent": 58.0, "risk_category": "medium"}}, {"type": "Feature", "geometry": {"type": "Point", "coordinates": [28.0, 47.3]}, "properties": {"risk_percent": 27.1, "risk_category": "low"}}, {"type": "Feature", "geometry": {"type": "Point", "coordinates": [28.2, 47.3]}, "properties": {"risk_percent": 57.9, "risk_category": "medium"}}, {"type": "Feature", "geometry": {"type": "Point", "coordinates": [28.5, 47.3]}, "properties": {"risk_percent": 52.2, "risk_category": "medium"}}, {"type": "Feature", "geometry": {"type": "Point", "coordinates": [28.8, 47.3]}, "properties": {"risk_percent": 50.9, "risk_category": "medium"}}, {"type": "Feature", "geometry": {"type": "Point", "coordinates": [29.0, 47.3]}, "properties": {"risk_percent": 63.1, "risk_category": "medium"}}, {"type": "Feature", "geometry": {"type": "Point", "coordinates": [29.2, 47.3]}, "properties": {"risk_percent": 60.8, "risk_category": "medium"}}, {"type": "Feature", "geometry": {"type": "Point", "coordinates": [29.5, 47.3]}, "properties": {"risk_percent": 64.3, "risk_category": "medium"}}, {"type": "Feature", "geometry": {"type": "Point", "coordinates": [29.8, 47.3]}, "properties": {"risk_percent": 44.4, "risk_category": "medium"}}, {"type": "Feature", "geometry": {"type": "Point", "coordinates": [30.0, 47.3]}, "properties": {"risk_percent": 48.1, "risk_category": "medium"}}, {"type": "Feature", "geometry": {"type": "Point", "coordinates": [30.2, 47.3]}, "properties": {"risk_percent": 58.4, "risk_category": "medium"}}, {"type": "Feature", "geometry": {"type": "Point", "coordinates": [30.5, 47.3]}, "properties": {"risk_percent": 43.6, "risk_category": "medium"}}, {"type": "Feature", "geometry": {"type": "Point", "coordinates": [30.8, 47.3]}, "properties": {"risk_percent": 34.4, "risk_category": "medium"}}, {"type": "Feature", "geometry": {"type": "Point", "coordinates": [31.0, 47.3]}, "properties": {"risk_percent": 33.4, "risk_category": "medium"}}, {"type": "Feature", "geometry": {"type": "Point", "coordinates": [31.2, 47.3]}, "properties": {"risk_percent": 40.3, "risk_category": "medium"}}, {"type": "Feature", "geometry": {"type": "Point", "coordinates": [31.5, 47.3]}, "properties": {"risk_percent": 41.4, "risk_category": "medium"}}, {"type": "Feature", "geometry": {"type": "Point", "coordinates": [31.8, 47.3]}, "properties": {"risk_percent": 46.7, "risk_category": "medium"}}, {"type": "Feature", "geometry": {"type": "Point", "coordinates": [32.0, 47.3]}, "properties": {"risk_percent": 38.3, "risk_category": "medium"}}, {"type": "Feature", "geometry": {"type": "Point", "coordinates": [32.2, 47.3]}, "properties": {"risk_percent": 45.3, "risk_category": "medium"}}, {"type": "Feature", "geometry": {"type": "Point", "coordinates": [32.5, 47.3]}, "properties": {"risk_percent": 40.2, "risk_category": "medium"}}, {"type": "Feature", "geometry": {"type": "Point", "coordinates": [32.8, 47.3]}, "properties": {"risk_percent": 30.8, "risk_category": "low"}}, {"type": "Feature", "geometry": {"type": "Point", "coordinates": [33.0, 47.3]}, "properties": {"risk_percent": 32.3, "risk_category": "low"}}, {"type": "Feature", "geometry": {"type": "Point", "coordinates": [33.2, 47.3]}, "properties": {"risk_percent": 44.0, "risk_category": "medium"}}, {"type": "Feature", "geometry": {"type": "Point", "coordinates": [33.5, 47.3]}, "properties": {"risk_percent": 38.8, "risk_category": "medium"}}, {"type": "Feature", "geometry": {"type": "Point", "coordinates": [33.8, 47.3]}, "properties": {"risk_percent": 41.9, "risk_category": "medium"}}, {"type": "Feature", "geometry": {"type": "Point", "coordinates": [34.0, 47.3]}, "properties": {"risk_percent": 62.4, "risk_category": "medium"}}, {"type": "Feature", "geometry": {"type": "Point", "coordinates": [34.2, 47.3]}, "properties": {"risk_percent": 59.0, "risk_category": "medium"}}, {"type": "Feature", "geometry": {"type": "Point", "coordinates": [34.5, 47.3]}, "properties": {"risk_percent": 46.9, "risk_category": "medium"}}, {"type": "Feature", "geometry": {"type": "Point", "coordinates": [34.8, 47.3]}, "properties": {"risk_percent": 47.4, "risk_category": "medium"}}, {"type": "Feature", "geometry": {"type": "Point", "coordinates": [35.0, 47.3]}, "properties": {"risk_percent": 44.2, "risk_category": "medium"}}, {"type": "Feature", "geometry": {"type": "Point", "coordinates": [35.2, 47.3]}, "properties": {"risk_percent": 40.5, "risk_category": "medium"}}, {"type": "Feature", "geometry": {"type": "Point", "coordinates": [35.5, 47.3]}, "properties": {"risk_percent": 39.7, "risk_category": "medium"}}, {"type": "Feature", "geometry": {"type": "Point", "coordinates": [35.8, 47.3]}, "properties": {"risk_percent": 31.1, "risk_category": "low"}}, {"type": "Feature", "geometry": {"type": "Point", "coordinates": [36.0, 47.3]}, "properties": {"risk_percent": 31.3, "risk_category": "low"}}, {"type": "Feature", "geometry": {"type": "Point", "coordinates": [36.2, 47.3]}, "properties": {"risk_percent": 36.9, "risk_category": "medium"}}, {"type": "Feature", "geometry": {"type": "Point", "coordinates": [36.5, 47.3]}, "properties": {"risk_percent": 43.1, "risk_category": "medium"}}, {"type": "Feature", "geometry": {"type": "Point", "coordinates": [36.8, 47.3]}, "properties": {"risk_percent": 34.1, "risk_category": "medium"}}, {"type": "Feature", "geometry": {"type": "Point", "coordinates": [37.0, 47.3]}, "properties": {"risk_percent": 37.9, "risk_category": "medium"}}, {"type": "Feature", "geometry": {"type": "Point", "coordinates": [37.2, 47.3]}, "properties": {"risk_percent": 38.3, "risk_category": "medium"}}, {"type": "Feature", "geometry": {"type": "Point", "coordinates": [37.5, 47.3]}, "properties": {"risk_percent": 30.5, "risk_category": "low"}}, {"type": "Feature", "geometry": {"type": "Point", "coordinates": [37.8, 47.3]}, "properties": {"risk_percent": 32.1, "risk_category": "low"}}, {"type": "Feature", "geometry": {"type": "Point", "coordinates": [38.0, 47.3]}, "properties": {"risk_percent": 33.9, "risk_category": "medium"}}, {"type": "Feature", "geometry": {"type": "Point", "coordinates": [38.2, 47.3]}, "properties": {"risk_percent": 32.7, "risk_category": "low"}}, {"type": "Feature", "geometry": {"type": "Point", "coordinates": [38.5, 47.3]}, "properties": {"risk_percent": 34.1, "risk_category": "medium"}}, {"type": "Feature", "geometry": {"type": "Point", "coordinates": [38.8, 47.3]}, "properties": {"risk_percent": 66.3, "risk_category": "high"}}, {"type": "Feature", "geometry": {"type": "Point", "coordinates": [39.0, 47.3]}, "properties": {"risk_percent": 72.2, "risk_category": "high"}}, {"type": "Feature", "geometry": {"type": "Point", "coordinates": [39.2, 47.3]}, "properties": {"risk_percent": 27.8, "risk_category": "low"}}, {"type": "Feature", "geometry": {"type": "Point", "coordinates": [39.5, 47.3]}, "properties": {"risk_percent": 28.2, "risk_category": "low"}}, {"type": "Feature", "geometry": {"type": "Point", "coordinates": [23.0, 47.6]}, "properties": {"risk_percent": 62.4, "risk_category": "medium"}}, {"type": "Feature", "geometry": {"type": "Point", "coordinates": [23.2, 47.6]}, "properties": {"risk_percent": 74.4, "risk_category": "high"}}, {"type": "Feature", "geometry": {"type": "Point", "coordinates": [23.5, 47.6]}, "properties": {"risk_percent": 80.3, "risk_category": "high"}}, {"type": "Feature", "geometry": {"type": "Point", "coordinates": [23.8, 47.6]}, "properties": {"risk_percent": 22.7, "risk_category": "low"}}, {"type": "Feature", "geometry": {"type": "Point", "coordinates": [24.0, 47.6]}, "properties": {"risk_percent": 34.3, "risk_category": "medium"}}, {"type": "Feature", "geometry": {"type": "Point", "coordinates": [24.2, 47.6]}, "properties": {"risk_percent": 16.4, "risk_category": "low"}}, {"type": "Feature", "geometry": {"type": "Point", "coordinates": [24.5, 47.6]}, "properties": {"risk_percent": 18.4, "risk_category": "low"}}, {"type": "Feature", "geometry": {"type": "Point", "coordinates": [24.8, 47.6]}, "properties": {"risk_percent": 17.5, "risk_category": "low"}}, {"type": "Feature", "geometry": {"type": "Point", "coordinates": [25.0, 47.6]}, "properties": {"risk_percent": 13.6, "risk_category": "low"}}, {"type": "Feature", "geometry": {"type": "Point", "coordinates": [25.2, 47.6]}, "properties": {"risk_percent": 15.2, "risk_category": "low"}}, {"type": "Feature", "geometry": {"type": "Point", "coordinates": [25.5, 47.6]}, "properties": {"risk_percent": 20.2, "risk_category": "low"}}, {"type": "Feature", "geometry": {"type": "Point", "coordinates": [25.8, 47.6]}, "properties": {"risk_percent": 21.9, "risk_category": "low"}}, {"type": "Feature", "geometry": {"type": "Point", "coordinates": [26.0, 47.6]}, "properties": {"risk_percent": 27.8, "risk_category": "low"}}, {"type": "Feature", "geometry": {"type": "Point", "coordinates": [26.2, 47.6]}, "properties": {"risk_percent": 34.2, "risk_category": "medium"}}, {"type": "Feature", "geometry": {"type": "Point", "coordinates": [26.5, 47.6]}, "properties": {"risk_percent": 57.1, "risk_category": "medium"}}, {"type": "Feature", "geometry": {"type": "Point", "coordinates": [26.8, 47.6]}, "properties": {"risk_percent": 56.0, "risk_category": "medium"}}, {"type": "Feature", "geometry": {"type": "Point", "coordinates": [27.0, 47.6]}, "properties": {"risk_percent": 39.2, "risk_category": "medium"}}, {"type": "Feature", "geometry": {"type": "Point", "coordinates": [27.2, 47.6]}, "properties": {"risk_percent": 25.1, "risk_category": "low"}}, {"type": "Feature", "geometry": {"type": "Point", "coordinates": [27.5, 47.6]}, "properties": {"risk_percent": 37.2, "risk_category": "medium"}}, {"type": "Feature", "geometry": {"type": "Point", "coordinates": [27.8, 47.6]}, "properties": {"risk_percent": 25.5, "risk_category": "low"}}, {"type": "Feature", "geometry": {"type": "Point", "coordinates": [28.0, 47.6]}, "properties": {"risk_percent": 36.9, "risk_category": "medium"}}, {"type": "Feature", "geometry": {"type": "Point", "coordinates": [28.2, 47.6]}, "properties": {"risk_percent": 36.5, "risk_category": "medium"}}, {"type": "Feature", "geometry": {"type": "Point", "coordinates": [28.5, 47.6]}, "properties": {"risk_percent": 45.0, "risk_category": "medium"}}, {"type": "Feature", "geometry": {"type": "Point", "coordinates": [28.8, 47.6]}, "properties": {"risk_percent": 50.6, "risk_category": "medium"}}, {"type": "Feature", "geometry": {"type": "Point", "coordinates": [29.0, 47.6]}, "properties": {"risk_percent": 55.4, "risk_category": "medium"}}, {"type": "Feature", "geometry": {"type": "Point", "coordinates": [29.2, 47.6]}, "properties": {"risk_percent": 63.6, "risk_category": "medium"}}, {"type": "Feature", "geometry": {"type": "Point", "coordinates": [29.5, 47.6]}, "properties": {"risk_percent": 53.5, "risk_category": "medium"}}, {"type": "Feature", "geometry": {"type": "Point", "coordinates": [29.8, 47.6]}, "properties": {"risk_percent": 61.7, "risk_category": "medium"}}, {"type": "Feature", "geometry": {"type": "Point", "coordinates": [30.0, 47.6]}, "properties": {"risk_percent": 61.8, "risk_category": "medium"}}, {"type": "Feature", "geometry": {"type": "Point", "coordinates": [30.2, 47.6]}, "properties": {"risk_percent": 47.7, "risk_category": "medium"}}, {"type": "Feature", "geometry": {"type": "Point", "coordinates": [30.5, 47.6]}, "properties": {"risk_percent": 52.9, "risk_category": "medium"}}, {"type": "Feature", "geometry": {"type": "Point", "coordinates": [30.8, 47.6]}, "properties": {"risk_percent": 48.2, "risk_category": "medium"}}, {"type": "Feature", "geometry": {"type": "Point", "coordinates": [31.0, 47.6]}, "properties": {"risk_percent": 34.9, "risk_category": "medium"}}, {"type": "Feature", "geometry": {"type": "Point", "coordinates": [31.2, 47.6]}, "properties": {"risk_percent": 49.3, "risk_category": "medium"}}, {"type": "Feature", "geometry": {"type": "Point", "coordinates": [31.5, 47.6]}, "properties": {"risk_percent": 43.2, "risk_category": "medium"}}, {"type": "Feature", "geometry": {"type": "Point", "coordinates": [31.8, 47.6]}, "properties": {"risk_percent": 31.4, "risk_category": "low"}}, {"type": "Feature", "geometry": {"type": "Point", "coordinates": [32.0, 47.6]}, "properties": {"risk_percent": 38.1, "risk_category": "medium"}}, {"type": "Feature", "geometry": {"type": "Point", "coordinates": [32.2, 47.6]}, "properties": {"risk_percent": 45.6, "risk_category": "medium"}}, {"type": "Feature", "geometry": {"type": "Point", "coordinates": [32.5, 47.6]}, "properties": {"risk_percent": 43.4, "risk_category": "medium"}}, {"type": "Feature", "geometry": {"type": "Point", "coordinates": [32.8, 47.6]}, "properties": {"risk_percent": 48.0, "risk_category": "medium"}}, {"type": "Feature", "geometry": {"type": "Point", "coordinates": [33.0, 47.6]}, "properties": {"risk_percent": 41.0, "risk_category": "medium"}}, {"type": "Feature", "geometry": {"type": "Point", "coordinates": [33.2, 47.6]}, "properties": {"risk_percent": 50.8, "risk_category": "medium"}}, {"type": "Feature", "geometry": {"type": "Point", "coordinates": [33.5, 47.6]}, "properties": {"risk_percent": 35.8, "risk_category": "medium"}}, {"type": "Feature", "geometry": {"type": "Point", "coordinates": [33.8, 47.6]}, "properties": {"risk_percent": 38.4, "risk_category": "medium"}}, {"type": "Feature", "geometry": {"type": "Point", "coordinates": [34.0, 47.6]}, "properties": {"risk_percent": 40.8, "risk_category": "medium"}}, {"type": "Feature", "geometry": {"type": "Point", "coordinates": [34.2, 47.6]}, "properties": {"risk_percent": 52.4, "risk_category": "medium"}}, {"type": "Feature", "geometry": {"type": "Point", "coordinates": [34.5, 47.6]}, "properties": {"risk_percent": 60.8, "risk_category": "medium"}}, {"type": "Feature", "geometry": {"type": "Point", "coordinates": [34.8, 47.6]}, "properties": {"risk_percent": 40.9, "risk_category": "medium"}}, {"type": "Feature", "geometry": {"type": "Point", "coordinates": [35.0, 47.6]}, "properties": {"risk_percent": 60.0, "risk_category": "medium"}}, {"type": "Feature", "geometry": {"type": "Point", "coordinates": [35.2, 47.6]}, "properties": {"risk_percent": 62.4, "risk_category": "medium"}}, {"type": "Feature", "geometry": {"type": "Point", "coordinates": [35.5, 47.6]}, "properties": {"risk_percent": 39.2, "risk_category": "medium"}}, {"type": "Feature", "geometry": {"type": "Point", "coordinates": [35.8, 47.6]}, "properties": {"risk_percent": 43.5, "risk_category": "medium"}}, {"type": "Feature", "geometry": {"type": "Point", "coordinates": [36.0, 47.6]}, "properties": {"risk_percent": 30.6, "risk_category": "low"}}, {"type": "Feature", "geometry": {"type": "Point", "coordinates": [36.2, 47.6]}, "properties": {"risk_percent": 34.3, "risk_category": "medium"}}, {"type": "Feature", "geometry": {"type": "Point", "coordinates": [36.5, 47.6]}, "properties": {"risk_percent": 37.3, "risk_category": "medium"}}, {"type": "Feature", "geometry": {"type": "Point", "coordinates": [36.8, 47.6]}, "properties": {"risk_percent": 33.4, "risk_category": "medium"}}, {"type": "Feature", "geometry": {"type": "Point", "coordinates": [37.0, 47.6]}, "properties": {"risk_percent": 30.2, "risk_category": "low"}}, {"type": "Feature", "geometry": {"type": "Point", "coordinates": [37.2, 47.6]}, "properties": {"risk_percent": 38.1, "risk_category": "medium"}}, {"type": "Feature", "geometry": {"type": "Point", "coordinates": [37.5, 47.6]}, "properties": {"risk_percent": 36.4, "risk_category": "medium"}}, {"type": "Feature", "geometry": {"type": "Point", "coordinates": [37.8, 47.6]}, "properties": {"risk_percent": 34.7, "risk_category": "medium"}}, {"type": "Feature", "geometry": {"type": "Point", "coordinates": [38.0, 47.6]}, "properties": {"risk_percent": 28.8, "risk_category": "low"}}, {"type": "Feature", "geometry": {"type": "Point", "coordinates": [38.2, 47.6]}, "properties": {"risk_percent": 23.2, "risk_category": "low"}}, {"type": "Feature", "geometry": {"type": "Point", "coordinates": [38.5, 47.6]}, "properties": {"risk_percent": 24.6, "risk_category": "low"}}, {"type": "Feature", "geometry": {"type": "Point", "coordinates": [38.8, 47.6]}, "properties": {"risk_percent": 25.3, "risk_category": "low"}}, {"type": "Feature", "geometry": {"type": "Point", "coordinates": [39.0, 47.6]}, "properties": {"risk_percent": 23.8, "risk_category": "low"}}, {"type": "Feature", "geometry": {"type": "Point", "coordinates": [39.2, 47.6]}, "properties": {"risk_percent": 25.2, "risk_category": "low"}}, {"type": "Feature", "geometry": {"type": "Point", "coordinates": [39.5, 47.6]}, "properties": {"risk_percent": 24.1, "risk_category": "low"}}, {"type": "Feature", "geometry": {"type": "Point", "coordinates": [39.8, 47.6]}, "properties": {"risk_percent": 29.4, "risk_category": "low"}}, {"type": "Feature", "geometry": {"type": "Point", "coordinates": [22.5, 47.8]}, "properties": {"risk_percent": 30.4, "risk_category": "low"}}, {"type": "Feature", "geometry": {"type": "Point", "coordinates": [22.8, 47.8]}, "properties": {"risk_percent": 50.0, "risk_category": "medium"}}, {"type": "Feature", "geometry": {"type": "Point", "coordinates": [23.0, 47.8]}, "properties": {"risk_percent": 62.6, "risk_category": "medium"}}, {"type": "Feature", "geometry": {"type": "Point", "coordinates": [23.2, 47.8]}, "properties": {"risk_percent": 89.3, "risk_category": "high"}}, {"type": "Feature", "geometry": {"type": "Point", "coordinates": [23.5, 47.8]}, "properties": {"risk_percent": 36.9, "risk_category": "medium"}}, {"type": "Feature", "geometry": {"type": "Point", "coordinates": [23.8, 47.8]}, "properties": {"risk_percent": 33.4, "risk_category": "medium"}}, {"type": "Feature", "geometry": {"type": "Point", "coordinates": [24.0, 47.8]}, "properties": {"risk_percent": 28.4, "risk_category": "low"}}, {"type": "Feature", "geometry": {"type": "Point", "coordinates": [24.2, 47.8]}, "properties": {"risk_percent": 23.6, "risk_category": "low"}}, {"type": "Feature", "geometry": {"type": "Point", "coordinates": [24.5, 47.8]}, "properties": {"risk_percent": 36.3, "risk_category": "medium"}}, {"type": "Feature", "geometry": {"type": "Point", "coordinates": [24.8, 47.8]}, "properties": {"risk_percent": 21.6, "risk_category": "low"}}, {"type": "Feature", "geometry": {"type": "Point", "coordinates": [25.0, 47.8]}, "properties": {"risk_percent": 16.0, "risk_category": "low"}}, {"type": "Feature", "geometry": {"type": "Point", "coordinates": [25.2, 47.8]}, "properties": {"risk_percent": 9.6, "risk_category": "low"}}, {"type": "Feature", "geometry": {"type": "Point", "coordinates": [25.5, 47.8]}, "properties": {"risk_percent": 36.3, "risk_category": "medium"}}, {"type": "Feature", "geometry": {"type": "Point", "coordinates": [25.8, 47.8]}, "properties": {"risk_percent": 26.0, "risk_category": "low"}}, {"type": "Feature", "geometry": {"type": "Point", "coordinates": [26.0, 47.8]}, "properties": {"risk_percent": 36.4, "risk_category": "medium"}}, {"type": "Feature", "geometry": {"type": "Point", "coordinates": [26.2, 47.8]}, "properties": {"risk_percent": 20.9, "risk_category": "low"}}, {"type": "Feature", "geometry": {"type": "Point", "coordinates": [26.5, 47.8]}, "properties": {"risk_percent": 49.8, "risk_category": "medium"}}, {"type": "Feature", "geometry": {"type": "Point", "coordinates": [26.8, 47.8]}, "properties": {"risk_percent": 37.8, "risk_category": "medium"}}, {"type": "Feature", "geometry": {"type": "Point", "coordinates": [27.0, 47.8]}, "properties": {"risk_percent": 28.5, "risk_category": "low"}}, {"type": "Feature", "geometry": {"type": "Point", "coordinates": [27.2, 47.8]}, "properties": {"risk_percent": 24.6, "risk_category": "low"}}, {"type": "Feature", "geometry": {"type": "Point", "coordinates": [27.5, 47.8]}, "properties": {"risk_percent": 49.4, "risk_category": "medium"}}, {"type": "Feature", "geometry": {"type": "Point", "coordinates": [27.8, 47.8]}, "properties": {"risk_percent": 23.1, "risk_category": "low"}}, {"type": "Feature", "geometry": {"type": "Point", "coordinates": [28.0, 47.8]}, "properties": {"risk_percent": 41.8, "risk_category": "medium"}}, {"type": "Feature", "geometry": {"type": "Point", "coordinates": [28.2, 47.8]}, "properties": {"risk_percent": 52.9, "risk_category": "medium"}}, {"type": "Feature", "geometry": {"type": "Point", "coordinates": [28.5, 47.8]}, "properties": {"risk_percent": 53.7, "risk_category": "medium"}}, {"type": "Feature", "geometry": {"type": "Point", "coordinates": [28.8, 47.8]}, "properties": {"risk_percent": 48.4, "risk_category": "medium"}}, {"type": "Feature", "geometry": {"type": "Point", "coordinates": [29.0, 47.8]}, "properties": {"risk_percent": 58.3, "risk_category": "medium"}}, {"type": "Feature", "geometry": {"type": "Point", "coordinates": [29.2, 47.8]}, "properties": {"risk_percent": 52.4, "risk_category": "medium"}}, {"type": "Feature", "geometry": {"type": "Point", "coordinates": [29.5, 47.8]}, "properties": {"risk_percent": 62.3, "risk_category": "medium"}}, {"type": "Feature", "geometry": {"type": "Point", "coordinates": [29.8, 47.8]}, "properties": {"risk_percent": 61.4, "risk_category": "medium"}}, {"type": "Feature", "geometry": {"type": "Point", "coordinates": [30.0, 47.8]}, "properties": {"risk_percent": 62.5, "risk_category": "medium"}}, {"type": "Feature", "geometry": {"type": "Point", "coordinates": [30.2, 47.8]}, "properties": {"risk_percent": 65.3, "risk_category": "medium"}}, {"type": "Feature", "geometry": {"type": "Point", "coordinates": [30.5, 47.8]}, "properties": {"risk_percent": 47.6, "risk_category": "medium"}}, {"type": "Feature", "geometry": {"type": "Point", "coordinates": [30.8, 47.8]}, "properties": {"risk_percent": 63.0, "risk_category": "medium"}}, {"type": "Feature", "geometry": {"type": "Point", "coordinates": [31.0, 47.8]}, "properties": {"risk_percent": 45.2, "risk_category": "medium"}}, {"type": "Feature", "geometry": {"type": "Point", "coordinates": [31.2, 47.8]}, "properties": {"risk_percent": 36.0, "risk_category": "medium"}}, {"type": "Feature", "geometry": {"type": "Point", "coordinates": [31.5, 47.8]}, "properties": {"risk_percent": 35.4, "risk_category": "medium"}}, {"type": "Feature", "geometry": {"type": "Point", "coordinates": [31.8, 47.8]}, "properties": {"risk_percent": 31.2, "risk_category": "low"}}, {"type": "Feature", "geometry": {"type": "Point", "coordinates": [32.0, 47.8]}, "properties": {"risk_percent": 46.2, "risk_category": "medium"}}, {"type": "Feature", "geometry": {"type": "Point", "coordinates": [32.2, 47.8]}, "properties": {"risk_percent": 49.3, "risk_category": "medium"}}, {"type": "Feature", "geometry": {"type": "Point", "coordinates": [32.5, 47.8]}, "properties": {"risk_percent": 44.3, "risk_category": "medium"}}, {"type": "Feature", "geometry": {"type": "Point", "coordinates": [32.8, 47.8]}, "properties": {"risk_percent": 47.3, "risk_category": "medium"}}, {"type": "Feature", "geometry": {"type": "Point", "coordinates": [33.0, 47.8]}, "properties": {"risk_percent": 39.8, "risk_category": "medium"}}, {"type": "Feature", "geometry": {"type": "Point", "coordinates": [33.2, 47.8]}, "properties": {"risk_percent": 49.1, "risk_category": "medium"}}, {"type": "Feature", "geometry": {"type": "Point", "coordinates": [33.5, 47.8]}, "properties": {"risk_percent": 42.8, "risk_category": "medium"}}, {"type": "Feature", "geometry": {"type": "Point", "coordinates": [33.8, 47.8]}, "properties": {"risk_percent": 43.0, "risk_category": "medium"}}, {"type": "Feature", "geometry": {"type": "Point", "coordinates": [34.0, 47.8]}, "properties": {"risk_percent": 42.0, "risk_category": "medium"}}, {"type": "Feature", "geometry": {"type": "Point", "coordinates": [34.2, 47.8]}, "properties": {"risk_percent": 42.8, "risk_category": "medium"}}, {"type": "Feature", "geometry": {"type": "Point", "coordinates": [34.5, 47.8]}, "properties": {"risk_percent": 41.2, "risk_category": "medium"}}, {"type": "Feature", "geometry": {"type": "Point", "coordinates": [34.8, 47.8]}, "properties": {"risk_percent": 36.8, "risk_category": "medium"}}, {"type": "Feature", "geometry": {"type": "Point", "coordinates": [35.0, 47.8]}, "properties": {"risk_percent": 57.5, "risk_category": "medium"}}, {"type": "Feature", "geometry": {"type": "Point", "coordinates": [35.2, 47.8]}, "properties": {"risk_percent": 56.5, "risk_category": "medium"}}, {"type": "Feature", "geometry": {"type": "Point", "coordinates": [35.5, 47.8]}, "properties": {"risk_percent": 43.3, "risk_category": "medium"}}, {"type": "Feature", "geometry": {"type": "Point", "coordinates": [35.8, 47.8]}, "properties": {"risk_percent": 49.3, "risk_category": "medium"}}, {"type": "Feature", "geometry": {"type": "Point", "coordinates": [36.0, 47.8]}, "properties": {"risk_percent": 48.4, "risk_category": "medium"}}, {"type": "Feature", "geometry": {"type": "Point", "coordinates": [36.2, 47.8]}, "properties": {"risk_percent": 40.3, "risk_category": "medium"}}, {"type": "Feature", "geometry": {"type": "Point", "coordinates": [36.5, 47.8]}, "properties": {"risk_percent": 35.4, "risk_category": "medium"}}, {"type": "Feature", "geometry": {"type": "Point", "coordinates": [36.8, 47.8]}, "properties": {"risk_percent": 34.6, "risk_category": "medium"}}, {"type": "Feature", "geometry": {"type": "Point", "coordinates": [37.0, 47.8]}, "properties": {"risk_percent": 36.2, "risk_category": "medium"}}, {"type": "Feature", "geometry": {"type": "Point", "coordinates": [37.2, 47.8]}, "properties": {"risk_percent": 41.1, "risk_category": "medium"}}, {"type": "Feature", "geometry": {"type": "Point", "coordinates": [37.5, 47.8]}, "properties": {"risk_percent": 38.1, "risk_category": "medium"}}, {"type": "Feature", "geometry": {"type": "Point", "coordinates": [37.8, 47.8]}, "properties": {"risk_percent": 40.4, "risk_category": "medium"}}, {"type": "Feature", "geometry": {"type": "Point", "coordinates": [38.0, 47.8]}, "properties": {"risk_percent": 46.8, "risk_category": "medium"}}, {"type": "Feature", "geometry": {"type": "Point", "coordinates": [38.2, 47.8]}, "properties": {"risk_percent": 33.6, "risk_category": "medium"}}, {"type": "Feature", "geometry": {"type": "Point", "coordinates": [38.5, 47.8]}, "properties": {"risk_percent": 25.5, "risk_category": "low"}}, {"type": "Feature", "geometry": {"type": "Point", "coordinates": [38.8, 47.8]}, "properties": {"risk_percent": 22.8, "risk_category": "low"}}, {"type": "Feature", "geometry": {"type": "Point", "coordinates": [39.0, 47.8]}, "properties": {"risk_percent": 20.4, "risk_category": "low"}}, {"type": "Feature", "geometry": {"type": "Point", "coordinates": [39.2, 47.8]}, "properties": {"risk_percent": 24.2, "risk_category": "low"}}, {"type": "Feature", "geometry": {"type": "Point", "coordinates": [39.5, 47.8]}, "properties": {"risk_percent": 24.4, "risk_category": "low"}}, {"type": "Feature", "geometry": {"type": "Point", "coordinates": [39.8, 47.8]}, "properties": {"risk_percent": 29.2, "risk_category": "low"}}, {"type": "Feature", "geometry": {"type": "Point", "coordinates": [40.0, 47.8]}, "properties": {"risk_percent": 24.0, "risk_category": "low"}}, {"type": "Feature", "geometry": {"type": "Point", "coordinates": [22.0, 48.0]}, "properties": {"risk_percent": 26.9, "risk_category": "low"}}, {"type": "Feature", "geometry": {"type": "Point", "coordinates": [22.2, 48.0]}, "properties": {"risk_percent": 40.9, "risk_category": "medium"}}, {"type": "Feature", "geometry": {"type": "Point", "coordinates": [22.5, 48.0]}, "properties": {"risk_percent": 47.7, "risk_category": "medium"}}, {"type": "Feature", "geometry": {"type": "Point", "coordinates": [22.8, 48.0]}, "properties": {"risk_percent": 65.4, "risk_category": "medium"}}, {"type": "Feature", "geometry": {"type": "Point", "coordinates": [23.0, 48.0]}, "properties": {"risk_percent": 74.5, "risk_category": "high"}}, {"type": "Feature", "geometry": {"type": "Point", "coordinates": [23.2, 48.0]}, "properties": {"risk_percent": 85.0, "risk_category": "high"}}, {"type": "Feature", "geometry": {"type": "Point", "coordinates": [23.5, 48.0]}, "properties": {"risk_percent": 51.2, "risk_category": "medium"}}, {"type": "Feature", "geometry": {"type": "Point", "coordinates": [23.8, 48.0]}, "properties": {"risk_percent": 77.7, "risk_category": "high"}}, {"type": "Feature", "geometry": {"type": "Point", "coordinates": [24.0, 48.0]}, "properties": {"risk_percent": 42.5, "risk_category": "medium"}}, {"type": "Feature", "geometry": {"type": "Point", "coordinates": [24.2, 48.0]}, "properties": {"risk_percent": 62.6, "risk_category": "medium"}}, {"type": "Feature", "geometry": {"type": "Point", "coordinates": [24.5, 48.0]}, "properties": {"risk_percent": 16.0, "risk_category": "low"}}, {"type": "Feature", "geometry": {"type": "Point", "coordinates": [24.8, 48.0]}, "properties": {"risk_percent": 11.9, "risk_category": "low"}}, {"type": "Feature", "geometry": {"type": "Point", "coordinates": [25.0, 48.0]}, "properties": {"risk_percent": 32.9, "risk_category": "low"}}, {"type": "Feature", "geometry": {"type": "Point", "coordinates": [25.2, 48.0]}, "properties": {"risk_percent": 15.4, "risk_category": "low"}}, {"type": "Feature", "geometry": {"type": "Point", "coordinates": [25.5, 48.0]}, "properties": {"risk_percent": 31.9, "risk_category": "low"}}, {"type": "Feature", "geometry": {"type": "Point", "coordinates": [25.8, 48.0]}, "properties": {"risk_percent": 27.8, "risk_category": "low"}}, {"type": "Feature", "geometry": {"type": "Point", "coordinates": [26.0, 48.0]}, "properties": {"risk_percent": 30.5, "risk_category": "low"}}, {"type": "Feature", "geometry": {"type": "Point", "coordinates": [26.2, 48.0]}, "properties": {"risk_percent": 33.9, "risk_category": "medium"}}, {"type": "Feature", "geometry": {"type": "Point", "coordinates": [26.5, 48.0]}, "properties": {"risk_percent": 51.5, "risk_category": "medium"}}, {"type": "Feature", "geometry": {"type": "Point", "coordinates": [26.8, 48.0]}, "properties": {"risk_percent": 51.9, "risk_category": "medium"}}, {"type": "Feature", "geometry": {"type": "Point", "coordinates": [27.0, 48.0]}, "properties": {"risk_percent": 36.8, "risk_category": "medium"}}, {"type": "Feature", "geometry": {"type": "Point", "coordinates": [27.2, 48.0]}, "properties": {"risk_percent": 43.2, "risk_category": "medium"}}, {"type": "Feature", "geometry": {"type": "Point", "coordinates": [27.5, 48.0]}, "properties": {"risk_percent": 33.3, "risk_category": "medium"}}, {"type": "Feature", "geometry": {"type": "Point", "coordinates": [27.8, 48.0]}, "properties": {"risk_percent": 25.5, "risk_category": "low"}}, {"type": "Feature", "geometry": {"type": "Point", "coordinates": [28.0, 48.0]}, "properties": {"risk_percent": 34.7, "risk_category": "medium"}}, {"type": "Feature", "geometry": {"type": "Point", "coordinates": [28.2, 48.0]}, "properties": {"risk_percent": 61.0, "risk_category": "medium"}}, {"type": "Feature", "geometry": {"type": "Point", "coordinates": [28.5, 48.0]}, "properties": {"risk_percent": 55.1, "risk_category": "medium"}}, {"type": "Feature", "geometry": {"type": "Point", "coordinates": [28.8, 48.0]}, "properties": {"risk_percent": 51.0, "risk_category": "medium"}}, {"type": "Feature", "geometry": {"type": "Point", "coordinates": [29.0, 48.0]}, "properties": {"risk_percent": 56.0, "risk_category": "medium"}}, {"type": "Feature", "geometry": {"type": "Point", "coordinates": [29.2, 48.0]}, "properties": {"risk_percent": 59.9, "risk_category": "medium"}}, {"type": "Feature", "geometry": {"type": "Point", "coordinates": [29.5, 48.0]}, "properties": {"risk_percent": 47.2, "risk_category": "medium"}}, {"type": "Feature", "geometry": {"type": "Point", "coordinates": [29.8, 48.0]}, "properties": {"risk_percent": 62.7, "risk_category": "medium"}}, {"type": "Feature", "geometry": {"type": "Point", "coordinates": [30.0, 48.0]}, "properties": {"risk_percent": 64.6, "risk_category": "medium"}}, {"type": "Feature", "geometry": {"type": "Point", "coordinates": [30.2, 48.0]}, "properties": {"risk_percent": 61.7, "risk_category": "medium"}}, {"type": "Feature", "geometry": {"type": "Point", "coordinates": [30.5, 48.0]}, "properties": {"risk_percent": 64.6, "risk_category": "medium"}}, {"type": "Feature", "geometry": {"type": "Point", "coordinates": [30.8, 48.0]}, "properties": {"risk_percent": 63.6, "risk_category": "medium"}}, {"type": "Feature", "geometry": {"type": "Point", "coordinates": [31.0, 48.0]}, "properties": {"risk_percent": 62.0, "risk_category": "medium"}}, {"type": "Feature", "geometry": {"type": "Point", "coordinates": [31.2, 48.0]}, "properties": {"risk_percent": 44.6, "risk_category": "medium"}}, {"type": "Feature", "geometry": {"type": "Point", "coordinates": [31.5, 48.0]}, "properties": {"risk_percent": 45.7, "risk_category": "medium"}}, {"type": "Feature", "geometry": {"type": "Point", "coordinates": [31.8, 48.0]}, "properties": {"risk_percent": 45.8, "risk_category": "medium"}}, {"type": "Feature", "geometry": {"type": "Point", "coordinates": [32.0, 48.0]}, "properties": {"risk_percent": 45.1, "risk_category": "medium"}}, {"type": "Feature", "geometry": {"type": "Point", "coordinates": [32.2, 48.0]}, "properties": {"risk_percent": 58.3, "risk_category": "medium"}}, {"type": "Feature", "geometry": {"type": "Point", "coordinates": [32.5, 48.0]}, "properties": {"risk_percent": 56.5, "risk_category": "medium"}}, {"type": "Feature", "geometry": {"type": "Point", "coordinates": [32.8, 48.0]}, "properties": {"risk_percent": 51.1, "risk_category": "medium"}}, {"type": "Feature", "geometry": {"type": "Point", "coordinates": [33.0, 48.0]}, "properties": {"risk_percent": 57.7, "risk_category": "medium"}}, {"type": "Feature", "geometry": {"type": "Point", "coordinates": [33.2, 48.0]}, "properties": {"risk_percent": 62.9, "risk_category": "medium"}}, {"type": "Feature", "geometry": {"type": "Point", "coordinates": [33.5, 48.0]}, "properties": {"risk_percent": 59.0, "risk_category": "medium"}}, {"type": "Feature", "geometry": {"type": "Point", "coordinates": [33.8, 48.0]}, "properties": {"risk_percent": 54.9, "risk_category": "medium"}}, {"type": "Feature", "geometry": {"type": "Point", "coordinates": [34.0, 48.0]}, "properties": {"risk_percent": 39.6, "risk_category": "medium"}}, {"type": "Feature", "geometry": {"type": "Point", "coordinates": [34.2, 48.0]}, "properties": {"risk_percent": 38.5, "risk_category": "medium"}}, {"type": "Feature", "geometry": {"type": "Point", "coordinates": [34.5, 48.0]}, "properties": {"risk_percent": 38.2, "risk_category": "medium"}}, {"type": "Feature", "geometry": {"type": "Point", "coordinates": [34.8, 48.0]}, "properties": {"risk_percent": 39.3, "risk_category": "medium"}}, {"type": "Feature", "geometry": {"type": "Point", "coordinates": [35.0, 48.0]}, "properties": {"risk_percent": 48.9, "risk_category": "medium"}}, {"type": "Feature", "geometry": {"type": "Point", "coordinates": [35.2, 48.0]}, "properties": {"risk_percent": 61.6, "risk_category": "medium"}}, {"type": "Feature", "geometry": {"type": "Point", "coordinates": [35.5, 48.0]}, "properties": {"risk_percent": 48.1, "risk_category": "medium"}}, {"type": "Feature", "geometry": {"type": "Point", "coordinates": [35.8, 48.0]}, "properties": {"risk_percent": 46.2, "risk_category": "medium"}}, {"type": "Feature", "geometry": {"type": "Point", "coordinates": [36.0, 48.0]}, "properties": {"risk_percent": 52.9, "risk_category": "medium"}}, {"type": "Feature", "geometry": {"type": "Point", "coordinates": [36.2, 48.0]}, "properties": {"risk_percent": 46.4, "risk_category": "medium"}}, {"type": "Feature", "geometry": {"type": "Point", "coordinates": [36.5, 48.0]}, "properties": {"risk_percent": 49.6, "risk_category": "medium"}}, {"type": "Feature", "geometry": {"type": "Point", "coordinates": [36.8, 48.0]}, "properties": {"risk_percent": 41.6, "risk_category": "medium"}}, {"type": "Feature", "geometry": {"type": "Point", "coordinates": [37.0, 48.0]}, "properties": {"risk_percent": 41.0, "risk_category": "medium"}}, {"type": "Feature", "geometry": {"type": "Point", "coordinates": [37.2, 48.0]}, "properties": {"risk_percent": 50.3, "risk_category": "medium"}}, {"type": "Feature", "geometry": {"type": "Point", "coordinates": [37.5, 48.0]}, "properties": {"risk_percent": 42.6, "risk_category": "medium"}}, {"type": "Feature", "geometry": {"type": "Point", "coordinates": [37.8, 48.0]}, "properties": {"risk_percent": 45.6, "risk_category": "medium"}}, {"type": "Feature", "geometry": {"type": "Point", "coordinates": [38.0, 48.0]}, "properties": {"risk_percent": 44.2, "risk_category": "medium"}}, {"type": "Feature", "geometry": {"type": "Point", "coordinates": [38.2, 48.0]}, "properties": {"risk_percent": 45.4, "risk_category": "medium"}}, {"type": "Feature", "geometry": {"type": "Point", "coordinates": [38.5, 48.0]}, "properties": {"risk_percent": 34.6, "risk_category": "medium"}}, {"type": "Feature", "geometry": {"type": "Point", "coordinates": [38.8, 48.0]}, "properties": {"risk_percent": 32.8, "risk_category": "low"}}, {"type": "Feature", "geometry": {"type": "Point", "coordinates": [39.0, 48.0]}, "properties": {"risk_percent": 26.6, "risk_category": "low"}}, {"type": "Feature", "geometry": {"type": "Point", "coordinates": [39.2, 48.0]}, "properties": {"risk_percent": 25.9, "risk_category": "low"}}, {"type": "Feature", "geometry": {"type": "Point", "coordinates": [39.5, 48.0]}, "properties": {"risk_percent": 34.8, "risk_category": "medium"}}, {"type": "Feature", "geometry": {"type": "Point", "coordinates": [39.8, 48.0]}, "properties": {"risk_percent": 31.3, "risk_category": "low"}}, {"type": "Feature", "geometry": {"type": "Point", "coordinates": [40.0, 48.0]}, "properties": {"risk_percent": 30.1, "risk_category": "low"}}, {"type": "Feature", "geometry": {"type": "Point", "coordinates": [22.0, 48.3]}, "properties": {"risk_percent": 47.7, "risk_category": "medium"}}, {"type": "Feature", "geometry": {"type": "Point", "coordinates": [22.2, 48.3]}, "properties": {"risk_percent": 49.4, "risk_category": "medium"}}, {"type": "Feature", "geometry": {"type": "Point", "coordinates": [22.5, 48.3]}, "properties": {"risk_percent": 91.1, "risk_category": "high"}}, {"type": "Feature", "geometry": {"type": "Point", "coordinates": [22.8, 48.3]}, "properties": {"risk_percent": 93.3, "risk_category": "high"}}, {"type": "Feature", "geometry": {"type": "Point", "coordinates": [23.0, 48.3]}, "properties": {"risk_percent": 78.4, "risk_category": "high"}}, {"type": "Feature", "geometry": {"type": "Point", "coordinates": [23.2, 48.3]}, "properties": {"risk_percent": 82.8, "risk_category": "high"}}, {"type": "Feature", "geometry": {"type": "Point", "coordinates": [23.5, 48.3]}, "properties": {"risk_percent": 52.3, "risk_category": "medium"}}, {"type": "Feature", "geometry": {"type": "Point", "coordinates": [23.8, 48.3]}, "properties": {"risk_percent": 25.8, "risk_category": "low"}}, {"type": "Feature", "geometry": {"type": "Point", "coordinates": [24.0, 48.3]}, "properties": {"risk_percent": 9.8, "risk_category": "low"}}, {"type": "Feature", "geometry": {"type": "Point", "coordinates": [24.2, 48.3]}, "properties": {"risk_percent": 20.4, "risk_category": "low"}}, {"type": "Feature", "geometry": {"type": "Point", "coordinates": [24.5, 48.3]}, "properties": {"risk_percent": 13.0, "risk_category": "low"}}, {"type": "Feature", "geometry": {"type": "Point", "coordinates": [24.8, 48.3]}, "properties": {"risk_percent": 14.4, "risk_category": "low"}}, {"type": "Feature", "geometry": {"type": "Point", "coordinates": [25.0, 48.3]}, "properties": {"risk_percent": 31.9, "risk_category": "low"}}, {"type": "Feature", "geometry": {"type": "Point", "coordinates": [25.2, 48.3]}, "properties": {"risk_percent": 41.4, "risk_category": "medium"}}, {"type": "Feature", "geometry": {"type": "Point", "coordinates": [25.5, 48.3]}, "properties": {"risk_percent": 42.9, "risk_category": "medium"}}, {"type": "Feature", "geometry": {"type": "Point", "coordinates": [25.8, 48.3]}, "properties": {"risk_percent": 28.2, "risk_category": "low"}}, {"type": "Feature", "geometry": {"type": "Point", "coordinates": [26.0, 48.3]}, "properties": {"risk_percent": 66.4, "risk_category": "high"}}, {"type": "Feature", "geometry": {"type": "Point", "coordinates": [26.2, 48.3]}, "properties": {"risk_percent": 62.5, "risk_category": "medium"}}, {"type": "Feature", "geometry": {"type": "Point", "coordinates": [26.5, 48.3]}, "properties": {"risk_percent": 57.9, "risk_category": "medium"}}, {"type": "Feature", "geometry": {"type": "Point", "coordinates": [26.8, 48.3]}, "properties": {"risk_percent": 50.4, "risk_category": "medium"}}, {"type": "Feature", "geometry": {"type": "Point", "coordinates": [27.0, 48.3]}, "properties": {"risk_percent": 66.1, "risk_category": "high"}}, {"type": "Feature", "geometry": {"type": "Point", "coordinates": [27.2, 48.3]}, "properties": {"risk_percent": 37.2, "risk_category": "medium"}}, {"type": "Feature", "geometry": {"type": "Point", "coordinates": [27.5, 48.3]}, "properties": {"risk_percent": 42.7, "risk_category": "medium"}}, {"type": "Feature", "geometry": {"type": "Point", "coordinates": [27.8, 48.3]}, "properties": {"risk_percent": 47.5, "risk_category": "medium"}}, {"type": "Feature", "geometry": {"type": "Point", "coordinates": [28.0, 48.3]}, "properties": {"risk_percent": 51.8, "risk_category": "medium"}}, {"type": "Feature", "geometry": {"type": "Point", "coordinates": [28.2, 48.3]}, "properties": {"risk_percent": 53.9, "risk_category": "medium"}}, {"type": "Feature", "geometry": {"type": "Point", "coordinates": [28.5, 48.3]}, "properties": {"risk_percent": 55.3, "risk_category": "medium"}}, {"type": "Feature", "geometry": {"type": "Point", "coordinates": [28.8, 48.3]}, "properties": {"risk_percent": 71.4, "risk_category": "high"}}, {"type": "Feature", "geometry": {"type": "Point", "coordinates": [29.0, 48.3]}, "properties": {"risk_percent": 74.6, "risk_category": "high"}}, {"type": "Feature", "geometry": {"type": "Point", "coordinates": [29.2, 48.3]}, "properties": {"risk_percent": 61.9, "risk_category": "medium"}}, {"type": "Feature", "geometry": {"type": "Point", "coordinates": [29.5, 48.3]}, "properties": {"risk_percent": 61.2, "risk_category": "medium"}}, {"type": "Feature", "geometry": {"type": "Point", "coordinates": [29.8, 48.3]}, "properties": {"risk_percent": 48.3, "risk_category": "medium"}}, {"type": "Feature", "geometry": {"type": "Point", "coordinates": [30.0, 48.3]}, "properties": {"risk_percent": 58.9, "risk_category": "medium"}}, {"type": "Feature", "geometry": {"type": "Point", "coordinates": [30.2, 48.3]}, "properties": {"risk_percent": 61.6, "risk_category": "medium"}}, {"type": "Feature", "geometry": {"type": "Point", "coordinates": [30.5, 48.3]}, "properties": {"risk_percent": 63.8, "risk_category": "medium"}}, {"type": "Feature", "geometry": {"type": "Point", "coordinates": [30.8, 48.3]}, "properties": {"risk_percent": 61.9, "risk_category": "medium"}}, {"type": "Feature", "geometry": {"type": "Point", "coordinates": [31.0, 48.3]}, "properties": {"risk_percent": 61.7, "risk_category": "medium"}}, {"type": "Feature", "geometry": {"type": "Point", "coordinates": [31.2, 48.3]}, "properties": {"risk_percent": 63.6, "risk_category": "medium"}}, {"type": "Feature", "geometry": {"type": "Point", "coordinates": [31.5, 48.3]}, "properties": {"risk_percent": 64.2, "risk_category": "medium"}}, {"type": "Feature", "geometry": {"type": "Point", "coordinates": [31.8, 48.3]}, "properties": {"risk_percent": 65.2, "risk_category": "medium"}}, {"type": "Feature", "geometry": {"type": "Point", "coordinates": [32.0, 48.3]}, "properties": {"risk_percent": 56.2, "risk_category": "medium"}}, {"type": "Feature", "geometry": {"type": "Point", "coordinates": [32.2, 48.3]}, "properties": {"risk_percent": 51.1, "risk_category": "medium"}}, {"type": "Feature", "geometry": {"type": "Point", "coordinates": [32.5, 48.3]}, "properties": {"risk_percent": 61.7, "risk_category": "medium"}}, {"type": "Feature", "geometry": {"type": "Point", "coordinates": [32.8, 48.3]}, "properties": {"risk_percent": 52.8, "risk_category": "medium"}}, {"type": "Feature", "geometry": {"type": "Point", "coordinates": [33.0, 48.3]}, "properties": {"risk_percent": 52.3, "risk_category": "medium"}}, {"type": "Feature", "geometry": {"type": "Point", "coordinates": [33.2, 48.3]}, "properties": {"risk_percent": 49.8, "risk_category": "medium"}}, {"type": "Feature", "geometry": {"type": "Point", "coordinates": [33.5, 48.3]}, "properties": {"risk_percent": 62.5, "risk_category": "medium"}}, {"type": "Feature", "geometry": {"type": "Point", "coordinates": [33.8, 48.3]}, "properties": {"risk_percent": 44.1, "risk_category": "medium"}}, {"type": "Feature", "geometry": {"type": "Point", "coordinates": [34.0, 48.3]}, "properties": {"risk_percent": 56.3, "risk_category": "medium"}}, {"type": "Feature", "geometry": {"type": "Point", "coordinates": [34.2, 48.3]}, "properties": {"risk_percent": 58.6, "risk_category": "medium"}}, {"type": "Feature", "geometry": {"type": "Point", "coordinates": [34.5, 48.3]}, "properties": {"risk_percent": 59.3, "risk_category": "medium"}}, {"type": "Feature", "geometry": {"type": "Point", "coordinates": [34.8, 48.3]}, "properties": {"risk_percent": 60.5, "risk_category": "medium"}}, {"type": "Feature", "geometry": {"type": "Point", "coordinates": [35.0, 48.3]}, "properties": {"risk_percent": 46.2, "risk_category": "medium"}}, {"type": "Feature", "geometry": {"type": "Point", "coordinates": [35.2, 48.3]}, "properties": {"risk_percent": 62.9, "risk_category": "medium"}}, {"type": "Feature", "geometry": {"type": "Point", "coordinates": [35.5, 48.3]}, "properties": {"risk_percent": 43.1, "risk_category": "medium"}}, {"type": "Feature", "geometry": {"type": "Point", "coordinates": [35.8, 48.3]}, "properties": {"risk_percent": 45.1, "risk_category": "medium"}}, {"type": "Feature", "geometry": {"type": "Point", "coordinates": [36.0, 48.3]}, "properties": {"risk_percent": 44.6, "risk_category": "medium"}}, {"type": "Feature", "geometry": {"type": "Point", "coordinates": [36.2, 48.3]}, "properties": {"risk_percent": 36.3, "risk_category": "medium"}}, {"type": "Feature", "geometry": {"type": "Point", "coordinates": [36.5, 48.3]}, "properties": {"risk_percent": 45.2, "risk_category": "medium"}}, {"type": "Feature", "geometry": {"type": "Point", "coordinates": [36.8, 48.3]}, "properties": {"risk_percent": 42.2, "risk_category": "medium"}}, {"type": "Feature", "geometry": {"type": "Point", "coordinates": [37.0, 48.3]}, "properties": {"risk_percent": 46.6, "risk_category": "medium"}}, {"type": "Feature", "geometry": {"type": "Point", "coordinates": [37.2, 48.3]}, "properties": {"risk_percent": 44.6, "risk_category": "medium"}}, {"type": "Feature", "geometry": {"type": "Point", "coordinates": [37.5, 48.3]}, "properties": {"risk_percent": 35.2, "risk_category": "medium"}}, {"type": "Feature", "geometry": {"type": "Point", "coordinates": [37.8, 48.3]}, "properties": {"risk_percent": 38.4, "risk_category": "medium"}}, {"type": "Feature", "geometry": {"type": "Point", "coordinates": [38.0, 48.3]}, "properties": {"risk_percent": 40.7, "risk_category": "medium"}}, {"type": "Feature", "geometry": {"type": "Point", "coordinates": [38.2, 48.3]}, "properties": {"risk_percent": 33.3, "risk_category": "medium"}}, {"type": "Feature", "geometry": {"type": "Point", "coordinates": [38.5, 48.3]}, "properties": {"risk_percent": 24.9, "risk_category": "low"}}, {"type": "Feature", "geometry": {"type": "Point", "coordinates": [38.8, 48.3]}, "properties": {"risk_percent": 24.5, "risk_category": "low"}}, {"type": "Feature", "geometry": {"type": "Point", "coordinates": [39.0, 48.3]}, "properties": {"risk_percent": 22.2, "risk_category": "low"}}, {"type": "Feature", "geometry": {"type": "Point", "coordinates": [39.2, 48.3]}, "properties": {"risk_percent": 35.1, "risk_category": "medium"}}, {"type": "Feature", "geometry": {"type": "Point", "coordinates": [39.5, 48.3]}, "properties": {"risk_percent": 32.8, "risk_category": "low"}}, {"type": "Feature", "geometry": {"type": "Point", "coordinates": [39.8, 48.3]}, "properties": {"risk_percent": 30.5, "risk_category": "low"}}, {"type": "Feature", "geometry": {"type": "Point", "coordinates": [40.0, 48.3]}, "properties": {"risk_percent": 26.8, "risk_category": "low"}}, {"type": "Feature", "geometry": {"type": "Point", "coordinates": [40.2, 48.3]}, "properties": {"risk_percent": 27.0, "risk_category": "low"}}, {"type": "Feature", "geometry": {"type": "Point", "coordinates": [22.0, 48.6]}, "properties": {"risk_percent": 89.2, "risk_category": "high"}}, {"type": "Feature", "geometry": {"type": "Point", "coordinates": [22.2, 48.6]}, "properties": {"risk_percent": 80.2, "risk_category": "high"}}, {"type": "Feature", "geometry": {"type": "Point", "coordinates": [22.5, 48.6]}, "properties": {"risk_percent": 24.3, "risk_category": "low"}}, {"type": "Feature", "geometry": {"type": "Point", "coordinates": [22.8, 48.6]}, "properties": {"risk_percent": 20.4, "risk_category": "low"}}, {"type": "Feature", "geometry": {"type": "Point", "coordinates": [23.0, 48.6]}, "properties": {"risk_percent": 52.1, "risk_category": "medium"}}, {"type": "Feature", "geometry": {"type": "Point", "coordinates": [23.2, 48.6]}, "properties": {"risk_percent": 24.1, "risk_category": "low"}}, {"type": "Feature", "geometry": {"type": "Point", "coordinates": [23.5, 48.6]}, "properties": {"risk_percent": 32.2, "risk_category": "low"}}, {"type": "Feature", "geometry": {"type": "Point", "coordinates": [23.8, 48.6]}, "properties": {"risk_percent": 12.4, "risk_category": "low"}}, {"type": "Feature", "geometry": {"type": "Point", "coordinates": [24.0, 48.6]}, "properties": {"risk_percent": 25.4, "risk_category": "low"}}, {"type": "Feature", "geometry": {"type": "Point", "coordinates": [24.2, 48.6]}, "properties": {"risk_percent": 16.0, "risk_category": "low"}}, {"type": "Feature", "geometry": {"type": "Point", "coordinates": [24.5, 48.6]}, "properties": {"risk_percent": 30.1, "risk_category": "low"}}, {"type": "Feature", "geometry": {"type": "Point", "coordinates": [24.8, 48.6]}, "properties": {"risk_percent": 20.6, "risk_category": "low"}}, {"type": "Feature", "geometry": {"type": "Point", "coordinates": [25.0, 48.6]}, "properties": {"risk_percent": 52.6, "risk_category": "medium"}}, {"type": "Feature", "geometry": {"type": "Point", "coordinates": [25.2, 48.6]}, "properties": {"risk_percent": 26.9, "risk_category": "low"}}, {"type": "Feature", "geometry": {"type": "Point", "coordinates": [25.5, 48.6]}, "properties": {"risk_percent": 57.0, "risk_category": "medium"}}, {"type": "Feature", "geometry": {"type": "Point", "coordinates": [25.8, 48.6]}, "properties": {"risk_percent": 62.7, "risk_category": "medium"}}, {"type": "Feature", "geometry": {"type": "Point", "coordinates": [26.0, 48.6]}, "properties": {"risk_percent": 66.7, "risk_category": "high"}}, {"type": "Feature", "geometry": {"type": "Point", "coordinates": [26.2, 48.6]}, "properties": {"risk_percent": 64.9, "risk_category": "medium"}}, {"type": "Feature", "geometry": {"type": "Point", "coordinates": [26.5, 48.6]}, "properties": {"risk_percent": 65.6, "risk_category": "medium"}}, {"type": "Feature", "geometry": {"type": "Point", "coordinates": [26.8, 48.6]}, "properties": {"risk_percent": 61.5, "risk_category": "medium"}}, {"type": "Feature", "geometry": {"type": "Point", "coordinates": [27.0, 48.6]}, "properties": {"risk_percent": 66.6, "risk_category": "high"}}, {"type": "Feature", "geometry": {"type": "Point", "coordinates": [27.2, 48.6]}, "properties": {"risk_percent": 68.3, "risk_category": "high"}}, {"type": "Feature", "geometry": {"type": "Point", "coordinates": [27.5, 48.6]}, "properties": {"risk_percent": 61.6, "risk_category": "medium"}}, {"type": "Feature", "geometry": {"type": "Point", "coordinates": [27.8, 48.6]}, "properties": {"risk_percent": 57.7, "risk_category": "medium"}}, {"type": "Feature", "geometry": {"type": "Point", "coordinates": [28.0, 48.6]}, "properties": {"risk_percent": 42.4, "risk_category": "medium"}}, {"type": "Feature", "geometry": {"type": "Point", "coordinates": [28.2, 48.6]}, "properties": {"risk_percent": 61.8, "risk_category": "medium"}}, {"type": "Feature", "geometry": {"type": "Point", "coordinates": [28.5, 48.6]}, "properties": {"risk_percent": 64.4, "risk_category": "medium"}}, {"type": "Feature", "geometry": {"type": "Point", "coordinates": [28.8, 48.6]}, "properties": {"risk_percent": 64.8, "risk_category": "medium"}}, {"type": "Feature", "geometry": {"type": "Point", "coordinates": [29.0, 48.6]}, "properties": {"risk_percent": 71.5, "risk_category": "high"}}, {"type": "Feature", "geometry": {"type": "Point", "coordinates": [29.2, 48.6]}, "properties": {"risk_percent": 77.3, "risk_category": "high"}}, {"type": "Feature", "geometry": {"type": "Point", "coordinates": [29.5, 48.6]}, "properties": {"risk_percent": 71.9, "risk_category": "high"}}, {"type": "Feature", "geometry": {"type": "Point", "coordinates": [29.8, 48.6]}, "properties": {"risk_percent": 65.8, "risk_category": "medium"}}, {"type": "Feature", "geometry": {"type": "Point", "coordinates": [30.0, 48.6]}, "properties": {"risk_percent": 63.2, "risk_category": "medium"}}, {"type": "Feature", "geometry": {"type": "Point", "coordinates": [30.2, 48.6]}, "properties": {"risk_percent": 60.6, "risk_category": "medium"}}, {"type": "Feature", "geometry": {"type": "Point", "coordinates": [30.5, 48.6]}, "properties": {"risk_percent": 57.5, "risk_category": "medium"}}, {"type": "Feature", "geometry": {"type": "Point", "coordinates": [30.8, 48.6]}, "properties": {"risk_percent": 47.0, "risk_category": "medium"}}, {"type": "Feature", "geometry": {"type": "Point", "coordinates": [31.0, 48.6]}, "properties": {"risk_percent": 60.0, "risk_category": "medium"}}, {"type": "Feature", "geometry": {"type": "Point", "coordinates": [31.2, 48.6]}, "properties": {"risk_percent": 60.0, "risk_category": "medium"}}, {"type": "Feature", "geometry": {"type": "Point", "coordinates": [31.5, 48.6]}, "properties": {"risk_percent": 60.9, "risk_category": "medium"}}, {"type": "Feature", "geometry": {"type": "Point", "coordinates": [31.8, 48.6]}, "properties": {"risk_percent": 59.5, "risk_category": "medium"}}, {"type": "Feature", "geometry": {"type": "Point", "coordinates": [32.0, 48.6]}, "properties": {"risk_percent": 55.2, "risk_category": "medium"}}, {"type": "Feature", "geometry": {"type": "Point", "coordinates": [32.2, 48.6]}, "properties": {"risk_percent": 54.9, "risk_category": "medium"}}, {"type": "Feature", "geometry": {"type": "Point", "coordinates": [32.5, 48.6]}, "properties": {"risk_percent": 48.1, "risk_category": "medium"}}, {"type": "Feature", "geometry": {"type": "Point", "coordinates": [32.8, 48.6]}, "properties": {"risk_percent": 59.4, "risk_category": "medium"}}, {"type": "Feature", "geometry": {"type": "Point", "coordinates": [33.0, 48.6]}, "properties": {"risk_percent": 56.5, "risk_category": "medium"}}, {"type": "Feature", "geometry": {"type": "Point", "coordinates": [33.2, 48.6]}, "properties": {"risk_percent": 56.2, "risk_category": "medium"}}, {"type": "Feature", "geometry": {"type": "Point", "coordinates": [33.5, 48.6]}, "properties": {"risk_percent": 57.2, "risk_category": "medium"}}, {"type": "Feature", "geometry": {"type": "Point", "coordinates": [33.8, 48.6]}, "properties": {"risk_percent": 53.6, "risk_category": "medium"}}, {"type": "Feature", "geometry": {"type": "Point", "coordinates": [34.0, 48.6]}, "properties": {"risk_percent": 62.3, "risk_category": "medium"}}, {"type": "Feature", "geometry": {"type": "Point", "coordinates": [34.2, 48.6]}, "properties": {"risk_percent": 59.7, "risk_category": "medium"}}, {"type": "Feature", "geometry": {"type": "Point", "coordinates": [34.5, 48.6]}, "properties": {"risk_percent": 63.2, "risk_category": "medium"}}, {"type": "Feature", "geometry": {"type": "Point", "coordinates": [34.8, 48.6]}, "properties": {"risk_percent": 64.9, "risk_category": "medium"}}, {"type": "Feature", "geometry": {"type": "Point", "coordinates": [35.0, 48.6]}, "properties": {"risk_percent": 63.2, "risk_category": "medium"}}, {"type": "Feature", "geometry": {"type": "Point", "coordinates": [35.2, 48.6]}, "properties": {"risk_percent": 59.8, "risk_category": "medium"}}, {"type": "Feature", "geometry": {"type": "Point", "coordinates": [35.5, 48.6]}, "properties": {"risk_percent": 44.3, "risk_category": "medium"}}, {"type": "Feature", "geometry": {"type": "Point", "coordinates": [35.8, 48.6]}, "properties": {"risk_percent": 48.0, "risk_category": "medium"}}, {"type": "Feature", "geometry": {"type": "Point", "coordinates": [36.0, 48.6]}, "properties": {"risk_percent": 47.8, "risk_category": "medium"}}, {"type": "Feature", "geometry": {"type": "Point", "coordinates": [36.2, 48.6]}, "properties": {"risk_percent": 43.9, "risk_category": "medium"}}, {"type": "Feature", "geometry": {"type": "Point", "coordinates": [36.5, 48.6]}, "properties": {"risk_percent": 49.1, "risk_category": "medium"}}, {"type": "Feature", "geometry": {"type": "Point", "coordinates": [36.8, 48.6]}, "properties": {"risk_percent": 43.6, "risk_category": "medium"}}, {"type": "Feature", "geometry": {"type": "Point", "coordinates": [37.0, 48.6]}, "properties": {"risk_percent": 41.7, "risk_category": "medium"}}, {"type": "Feature", "geometry": {"type": "Point", "coordinates": [37.2, 48.6]}, "properties": {"risk_percent": 42.9, "risk_category": "medium"}}, {"type": "Feature", "geometry": {"type": "Point", "coordinates": [37.5, 48.6]}, "properties": {"risk_percent": 41.5, "risk_category": "medium"}}, {"type": "Feature", "geometry": {"type": "Point", "coordinates": [37.8, 48.6]}, "properties": {"risk_percent": 32.2, "risk_category": "low"}}, {"type": "Feature", "geometry": {"type": "Point", "coordinates": [38.0, 48.6]}, "properties": {"risk_percent": 43.4, "risk_category": "medium"}}, {"type": "Feature", "geometry": {"type": "Point", "coordinates": [38.2, 48.6]}, "properties": {"risk_percent": 40.7, "risk_category": "medium"}}, {"type": "Feature", "geometry": {"type": "Point", "coordinates": [38.5, 48.6]}, "properties": {"risk_percent": 29.2, "risk_category": "low"}}, {"type": "Feature", "geometry": {"type": "Point", "coordinates": [38.8, 48.6]}, "properties": {"risk_percent": 40.4, "risk_category": "medium"}}, {"type": "Feature", "geometry": {"type": "Point", "coordinates": [39.0, 48.6]}, "properties": {"risk_percent": 44.3, "risk_category": "medium"}}, {"type": "Feature", "geometry": {"type": "Point", "coordinates": [39.2, 48.6]}, "properties": {"risk_percent": 31.3, "risk_category": "low"}}, {"type": "Feature", "geometry": {"type": "Point", "coordinates": [39.5, 48.6]}, "properties": {"risk_percent": 29.3, "risk_category": "low"}}, {"type": "Feature", "geometry": {"type": "Point", "coordinates": [39.8, 48.6]}, "properties": {"risk_percent": 24.5, "risk_category": "low"}}, {"type": "Feature", "geometry": {"type": "Point", "coordinates": [40.0, 48.6]}, "properties": {"risk_percent": 26.9, "risk_category": "low"}}, {"type": "Feature", "geometry": {"type": "Point", "coordinates": [40.2, 48.6]}, "properties": {"risk_percent": 29.5, "risk_category": "low"}}, {"type": "Feature", "geometry": {"type": "Point", "coordinates": [40.5, 48.6]}, "properties": {"risk_percent": 30.9, "risk_category": "low"}}, {"type": "Feature", "geometry": {"type": "Point", "coordinates": [22.0, 48.8]}, "properties": {"risk_percent": 75.1, "risk_category": "high"}}, {"type": "Feature", "geometry": {"type": "Point", "coordinates": [22.2, 48.8]}, "properties": {"risk_percent": 63.8, "risk_category": "medium"}}, {"type": "Feature", "geometry": {"type": "Point", "coordinates": [22.5, 48.8]}, "properties": {"risk_percent": 71.8, "risk_category": "high"}}, {"type": "Feature", "geometry": {"type": "Point", "coordinates": [22.8, 48.8]}, "properties": {"risk_percent": 19.7, "risk_category": "low"}}, {"type": "Feature", "geometry": {"type": "Point", "coordinates": [23.0, 48.8]}, "properties": {"risk_percent": 9.2, "risk_category": "low"}}, {"type": "Feature", "geometry": {"type": "Point", "coordinates": [23.2, 48.8]}, "properties": {"risk_percent": 35.4, "risk_category": "medium"}}, {"type": "Feature", "geometry": {"type": "Point", "coordinates": [23.5, 48.8]}, "properties": {"risk_percent": 16.5, "risk_category": "low"}}, {"type": "Feature", "geometry": {"type": "Point", "coordinates": [23.8, 48.8]}, "properties": {"risk_percent": 12.1, "risk_category": "low"}}, {"type": "Feature", "geometry": {"type": "Point", "coordinates": [24.0, 48.8]}, "properties": {"risk_percent": 44.3, "risk_category": "medium"}}, {"type": "Feature", "geometry": {"type": "Point", "coordinates": [24.2, 48.8]}, "properties": {"risk_percent": 33.3, "risk_category": "medium"}}, {"type": "Feature", "geometry": {"type": "Point", "coordinates": [24.5, 48.8]}, "properties": {"risk_percent": 28.8, "risk_category": "low"}}, {"type": "Feature", "geometry": {"type": "Point", "coordinates": [24.8, 48.8]}, "properties": {"risk_percent": 47.9, "risk_category": "medium"}}, {"type": "Feature", "geometry": {"type": "Point", "coordinates": [25.0, 48.8]}, "properties": {"risk_percent": 39.2, "risk_category": "medium"}}, {"type": "Feature", "geometry": {"type": "Point", "coordinates": [25.2, 48.8]}, "properties": {"risk_percent": 35.8, "risk_category": "medium"}}, {"type": "Feature", "geometry": {"type": "Point", "coordinates": [25.5, 48.8]}, "properties": {"risk_percent": 37.8, "risk_category": "medium"}}, {"type": "Feature", "geometry": {"type": "Point", "coordinates": [25.8, 48.8]}, "properties": {"risk_percent": 66.6, "risk_category": "high"}}, {"type": "Feature", "geometry": {"type": "Point", "coordinates": [26.0, 48.8]}, "properties": {"risk_percent": 67.1, "risk_category": "high"}}, {"type": "Feature", "geometry": {"type": "Point", "coordinates": [26.2, 48.8]}, "properties": {"risk_percent": 65.1, "risk_category": "medium"}}, {"type": "Feature", "geometry": {"type": "Point", "coordinates": [26.5, 48.8]}, "properties": {"risk_percent": 67.9, "risk_category": "high"}}, {"type": "Feature", "geometry": {"type": "Point", "coordinates": [26.8, 48.8]}, "properties": {"risk_percent": 53.4, "risk_category": "medium"}}, {"type": "Feature", "geometry": {"type": "Point", "coordinates": [27.0, 48.8]}, "properties": {"risk_percent": 62.3, "risk_category": "medium"}}, {"type": "Feature", "geometry": {"type": "Point", "coordinates": [27.2, 48.8]}, "properties": {"risk_percent": 61.7, "risk_category": "medium"}}, {"type": "Feature", "geometry": {"type": "Point", "coordinates": [27.5, 48.8]}, "properties": {"risk_percent": 55.5, "risk_category": "medium"}}, {"type": "Feature", "geometry": {"type": "Point", "coordinates": [27.8, 48.8]}, "properties": {"risk_percent": 57.6, "risk_category": "medium"}}, {"type": "Feature", "geometry": {"type": "Point", "coordinates": [28.0, 48.8]}, "properties": {"risk_percent": 61.6, "risk_category": "medium"}}, {"type": "Feature", "geometry": {"type": "Point", "coordinates": [28.2, 48.8]}, "properties": {"risk_percent": 71.6, "risk_category": "high"}}, {"type": "Feature", "geometry": {"type": "Point", "coordinates": [28.5, 48.8]}, "properties": {"risk_percent": 68.0, "risk_category": "high"}}, {"type": "Feature", "geometry": {"type": "Point", "coordinates": [28.8, 48.8]}, "properties": {"risk_percent": 71.5, "risk_category": "high"}}, {"type": "Feature", "geometry": {"type": "Point", "coordinates": [29.0, 48.8]}, "properties": {"risk_percent": 78.1, "risk_category": "high"}}, {"type": "Feature", "geometry": {"type": "Point", "coordinates": [29.2, 48.8]}, "properties": {"risk_percent": 84.2, "risk_category": "high"}}, {"type": "Feature", "geometry": {"type": "Point", "coordinates": [29.5, 48.8]}, "properties": {"risk_percent": 72.7, "risk_category": "high"}}, {"type": "Feature", "geometry": {"type": "Point", "coordinates": [29.8, 48.8]}, "properties": {"risk_percent": 60.3, "risk_category": "medium"}}, {"type": "Feature", "geometry": {"type": "Point", "coordinates": [30.0, 48.8]}, "properties": {"risk_percent": 68.0, "risk_category": "high"}}, {"type": "Feature", "geometry": {"type": "Point", "coordinates": [30.2, 48.8]}, "properties": {"risk_percent": 75.1, "risk_category": "high"}}, {"type": "Feature", "geometry": {"type": "Point", "coordinates": [30.5, 48.8]}, "properties": {"risk_percent": 70.5, "risk_category": "high"}}, {"type": "Feature", "geometry": {"type": "Point", "coordinates": [30.8, 48.8]}, "properties": {"risk_percent": 69.6, "risk_category": "high"}}, {"type": "Feature", "geometry": {"type": "Point", "coordinates": [31.0, 48.8]}, "properties": {"risk_percent": 60.5, "risk_category": "medium"}}, {"type": "Feature", "geometry": {"type": "Point", "coordinates": [31.2, 48.8]}, "properties": {"risk_percent": 58.7, "risk_category": "medium"}}, {"type": "Feature", "geometry": {"type": "Point", "coordinates": [31.5, 48.8]}, "properties": {"risk_percent": 56.2, "risk_category": "medium"}}, {"type": "Feature", "geometry": {"type": "Point", "coordinates": [31.8, 48.8]}, "properties": {"risk_percent": 62.5, "risk_category": "medium"}}, {"type": "Feature", "geometry": {"type": "Point", "coordinates": [32.0, 48.8]}, "properties": {"risk_percent": 66.5, "risk_category": "high"}}, {"type": "Feature", "geometry": {"type": "Point", "coordinates": [32.2, 48.8]}, "properties": {"risk_percent": 65.6, "risk_category": "medium"}}, {"type": "Feature", "geometry": {"type": "Point", "coordinates": [32.5, 48.8]}, "properties": {"risk_percent": 70.6, "risk_category": "high"}}, {"type": "Feature", "geometry": {"type": "Point", "coordinates": [32.8, 48.8]}, "properties": {"risk_percent": 56.1, "risk_category": "medium"}}, {"type": "Feature", "geometry": {"type": "Point", "coordinates": [33.0, 48.8]}, "properties": {"risk_percent": 52.9, "risk_category": "medium"}}, {"type": "Feature", "geometry": {"type": "Point", "coordinates": [33.2, 48.8]}, "properties": {"risk_percent": 54.0, "risk_category": "medium"}}, {"type": "Feature", "geometry": {"type": "Point", "coordinates": [33.5, 48.8]}, "properties": {"risk_percent": 48.6, "risk_category": "medium"}}, {"type": "Feature", "geometry": {"type": "Point", "coordinates": [33.8, 48.8]}, "properties": {"risk_percent": 52.6, "risk_category": "medium"}}, {"type": "Feature", "geometry": {"type": "Point", "coordinates": [34.0, 48.8]}, "properties": {"risk_percent": 62.1, "risk_category": "medium"}}, {"type": "Feature", "geometry": {"type": "Point", "coordinates": [34.2, 48.8]}, "properties": {"risk_percent": 61.5, "risk_category": "medium"}}, {"type": "Feature", "geometry": {"type": "Point", "coordinates": [34.5, 48.8]}, "properties": {"risk_percent": 64.6, "risk_category": "medium"}}, {"type": "Feature", "geometry": {"type": "Point", "coordinates": [34.8, 48.8]}, "properties": {"risk_percent": 46.8, "risk_category": "medium"}}, {"type": "Feature", "geometry": {"type": "Point", "coordinates": [35.0, 48.8]}, "properties": {"risk_percent": 44.2, "risk_category": "medium"}}, {"type": "Feature", "geometry": {"type": "Point", "coordinates": [35.2, 48.8]}, "properties": {"risk_percent": 45.9, "risk_category": "medium"}}, {"type": "Feature", "geometry": {"type": "Point", "coordinates": [35.5, 48.8]}, "properties": {"risk_percent": 45.5, "risk_category": "medium"}}, {"type": "Feature", "geometry": {"type": "Point", "coordinates": [35.8, 48.8]}, "properties": {"risk_percent": 43.5, "risk_category": "medium"}}, {"type": "Feature", "geometry": {"type": "Point", "coordinates": [36.0, 48.8]}, "properties": {"risk_percent": 49.1, "risk_category": "medium"}}, {"type": "Feature", "geometry": {"type": "Point", "coordinates": [36.2, 48.8]}, "properties": {"risk_percent": 42.9, "risk_category": "medium"}}, {"type": "Feature", "geometry": {"type": "Point", "coordinates": [36.5, 48.8]}, "properties": {"risk_percent": 36.1, "risk_category": "medium"}}, {"type": "Feature", "geometry": {"type": "Point", "coordinates": [36.8, 48.8]}, "properties": {"risk_percent": 36.6, "risk_category": "medium"}}, {"type": "Feature", "geometry": {"type": "Point", "coordinates": [37.0, 48.8]}, "properties": {"risk_percent": 39.1, "risk_category": "medium"}}, {"type": "Feature", "geometry": {"type": "Point", "coordinates": [37.2, 48.8]}, "properties": {"risk_percent": 40.9, "risk_category": "medium"}}, {"type": "Feature", "geometry": {"type": "Point", "coordinates": [37.5, 48.8]}, "properties": {"risk_percent": 44.5, "risk_category": "medium"}}, {"type": "Feature", "geometry": {"type": "Point", "coordinates": [37.8, 48.8]}, "properties": {"risk_percent": 39.4, "risk_category": "medium"}}, {"type": "Feature", "geometry": {"type": "Point", "coordinates": [38.0, 48.8]}, "properties": {"risk_percent": 44.1, "risk_category": "medium"}}, {"type": "Feature", "geometry": {"type": "Point", "coordinates": [38.2, 48.8]}, "properties": {"risk_percent": 42.8, "risk_category": "medium"}}, {"type": "Feature", "geometry": {"type": "Point", "coordinates": [38.5, 48.8]}, "properties": {"risk_percent": 34.7, "risk_category": "medium"}}, {"type": "Feature", "geometry": {"type": "Point", "coordinates": [38.8, 48.8]}, "properties": {"risk_percent": 41.4, "risk_category": "medium"}}, {"type": "Feature", "geometry": {"type": "Point", "coordinates": [39.0, 48.8]}, "properties": {"risk_percent": 42.0, "risk_category": "medium"}}, {"type": "Feature", "geometry": {"type": "Point", "coordinates": [39.2, 48.8]}, "properties": {"risk_percent": 29.6, "risk_category": "low"}}, {"type": "Feature", "geometry": {"type": "Point", "coordinates": [39.5, 48.8]}, "properties": {"risk_percent": 34.1, "risk_category": "medium"}}, {"type": "Feature", "geometry": {"type": "Point", "coordinates": [39.8, 48.8]}, "properties": {"risk_percent": 28.7, "risk_category": "low"}}, {"type": "Feature", "geometry": {"type": "Point", "coordinates": [40.0, 48.8]}, "properties": {"risk_percent": 32.0, "risk_category": "low"}}, {"type": "Feature", "geometry": {"type": "Point", "coordinates": [40.2, 48.8]}, "properties": {"risk_percent": 30.7, "risk_category": "low"}}, {"type": "Feature", "geometry": {"type": "Point", "coordinates": [40.5, 48.8]}, "properties": {"risk_percent": 33.1, "risk_category": "medium"}}, {"type": "Feature", "geometry": {"type": "Point", "coordinates": [22.0, 49.0]}, "properties": {"risk_percent": 57.9, "risk_category": "medium"}}, {"type": "Feature", "geometry": {"type": "Point", "coordinates": [22.2, 49.0]}, "properties": {"risk_percent": 29.8, "risk_category": "low"}}, {"type": "Feature", "geometry": {"type": "Point", "coordinates": [22.5, 49.0]}, "properties": {"risk_percent": 48.8, "risk_category": "medium"}}, {"type": "Feature", "geometry": {"type": "Point", "coordinates": [22.8, 49.0]}, "properties": {"risk_percent": 33.6, "risk_category": "medium"}}, {"type": "Feature", "geometry": {"type": "Point", "coordinates": [23.0, 49.0]}, "properties": {"risk_percent": 28.1, "risk_category": "low"}}, {"type": "Feature", "geometry": {"type": "Point", "coordinates": [23.2, 49.0]}, "properties": {"risk_percent": 30.6, "risk_category": "low"}}, {"type": "Feature", "geometry": {"type": "Point", "coordinates": [23.5, 49.0]}, "properties": {"risk_percent": 11.2, "risk_category": "low"}}, {"type": "Feature", "geometry": {"type": "Point", "coordinates": [23.8, 49.0]}, "properties": {"risk_percent": 47.5, "risk_category": "medium"}}, {"type": "Feature", "geometry": {"type": "Point", "coordinates": [24.0, 49.0]}, "properties": {"risk_percent": 22.7, "risk_category": "low"}}, {"type": "Feature", "geometry": {"type": "Point", "coordinates": [24.2, 49.0]}, "properties": {"risk_percent": 24.0, "risk_category": "low"}}, {"type": "Feature", "geometry": {"type": "Point", "coordinates": [24.5, 49.0]}, "properties": {"risk_percent": 35.6, "risk_category": "medium"}}, {"type": "Feature", "geometry": {"type": "Point", "coordinates": [24.8, 49.0]}, "properties": {"risk_percent": 29.8, "risk_category": "low"}}, {"type": "Feature", "geometry": {"type": "Point", "coordinates": [25.0, 49.0]}, "properties": {"risk_percent": 37.5, "risk_category": "medium"}}, {"type": "Feature", "geometry": {"type": "Point", "coordinates": [25.2, 49.0]}, "properties": {"risk_percent": 33.8, "risk_category": "medium"}}, {"type": "Feature", "geometry": {"type": "Point", "coordinates": [25.5, 49.0]}, "properties": {"risk_percent": 30.2, "risk_category": "low"}}, {"type": "Feature", "geometry": {"type": "Point", "coordinates": [25.8, 49.0]}, "properties": {"risk_percent": 61.1, "risk_category": "medium"}}, {"type": "Feature", "geometry": {"type": "Point", "coordinates": [26.0, 49.0]}, "properties": {"risk_percent": 66.9, "risk_category": "high"}}, {"type": "Feature", "geometry": {"type": "Point", "coordinates": [26.2, 49.0]}, "properties": {"risk_percent": 67.1, "risk_category": "high"}}, {"type": "Feature", "geometry": {"type": "Point", "coordinates": [26.5, 49.0]}, "properties": {"risk_percent": 54.9, "risk_category": "medium"}}, {"type": "Feature", "geometry": {"type": "Point", "coordinates": [26.8, 49.0]}, "properties": {"risk_percent": 43.8, "risk_category": "medium"}}, {"type": "Feature", "geometry": {"type": "Point", "coordinates": [27.0, 49.0]}, "properties": {"risk_percent": 37.0, "risk_category": "medium"}}, {"type": "Feature", "geometry": {"type": "Point", "coordinates": [27.2, 49.0]}, "properties": {"risk_percent": 46.2, "risk_category": "medium"}}, {"type": "Feature", "geometry": {"type": "Point", "coordinates": [27.5, 49.0]}, "properties": {"risk_percent": 51.8, "risk_category": "medium"}}, {"type": "Feature", "geometry": {"type": "Point", "coordinates": [27.8, 49.0]}, "properties": {"risk_percent": 51.4, "risk_category": "medium"}}, {"type": "Feature", "geometry": {"type": "Point", "coordinates": [28.0, 49.0]}, "properties": {"risk_percent": 61.3, "risk_category": "medium"}}, {"type": "Feature", "geometry": {"type": "Point", "coordinates": [28.2, 49.0]}, "properties": {"risk_percent": 48.0, "risk_category": "medium"}}, {"type": "Feature", "geometry": {"type": "Point", "coordinates": [28.5, 49.0]}, "properties": {"risk_percent": 69.6, "risk_category": "high"}}, {"type": "Feature", "geometry": {"type": "Point", "coordinates": [28.8, 49.0]}, "properties": {"risk_percent": 69.5, "risk_category": "high"}}, {"type": "Feature", "geometry": {"type": "Point", "coordinates": [29.0, 49.0]}, "properties": {"risk_percent": 49.1, "risk_category": "medium"}}, {"type": "Feature", "geometry": {"type": "Point", "coordinates": [29.2, 49.0]}, "properties": {"risk_percent": 61.6, "risk_category": "medium"}}, {"type": "Feature", "geometry": {"type": "Point", "coordinates": [29.5, 49.0]}, "properties": {"risk_percent": 69.3, "risk_category": "high"}}, {"type": "Feature", "geometry": {"type": "Point", "coordinates": [29.8, 49.0]}, "properties": {"risk_percent": 61.7, "risk_category": "medium"}}, {"type": "Feature", "geometry": {"type": "Point", "coordinates": [30.0, 49.0]}, "properties": {"risk_percent": 61.4, "risk_category": "medium"}}, {"type": "Feature", "geometry": {"type": "Point", "coordinates": [30.2, 49.0]}, "properties": {"risk_percent": 63.9, "risk_category": "medium"}}, {"type": "Feature", "geometry": {"type": "Point", "coordinates": [30.5, 49.0]}, "properties": {"risk_percent": 76.6, "risk_category": "high"}}, {"type": "Feature", "geometry": {"type": "Point", "coordinates": [30.8, 49.0]}, "properties": {"risk_percent": 71.7, "risk_category": "high"}}, {"type": "Feature", "geometry": {"type": "Point", "coordinates": [31.0, 49.0]}, "properties": {"risk_percent": 70.9, "risk_category": "high"}}, {"type": "Feature", "geometry": {"type": "Point", "coordinates": [31.2, 49.0]}, "properties": {"risk_percent": 67.2, "risk_category": "high"}}, {"type": "Feature", "geometry": {"type": "Point", "coordinates": [31.5, 49.0]}, "properties": {"risk_percent": 70.5, "risk_category": "high"}}, {"type": "Feature", "geometry": {"type": "Point", "coordinates": [31.8, 49.0]}, "properties": {"risk_percent": 71.6, "risk_category": "high"}}, {"type": "Feature", "geometry": {"type": "Point", "coordinates": [32.0, 49.0]}, "properties": {"risk_percent": 74.3, "risk_category": "high"}}, {"type": "Feature", "geometry": {"type": "Point", "coordinates": [32.2, 49.0]}, "properties": {"risk_percent": 71.9, "risk_category": "high"}}, {"type": "Feature", "geometry": {"type": "Point", "coordinates": [32.5, 49.0]}, "properties": {"risk_percent": 68.1, "risk_category": "high"}}, {"type": "Feature", "geometry": {"type": "Point", "coordinates": [32.8, 49.0]}, "properties": {"risk_percent": 68.1, "risk_category": "high"}}, {"type": "Feature", "geometry": {"type": "Point", "coordinates": [33.0, 49.0]}, "properties": {"risk_percent": 60.9, "risk_category": "medium"}}, {"type": "Feature", "geometry": {"type": "Point", "coordinates": [33.2, 49.0]}, "properties": {"risk_percent": 61.2, "risk_category": "medium"}}, {"type": "Feature", "geometry": {"type": "Point", "coordinates": [33.5, 49.0]}, "properties": {"risk_percent": 53.9, "risk_category": "medium"}}, {"type": "Feature", "geometry": {"type": "Point", "coordinates": [33.8, 49.0]}, "properties": {"risk_percent": 62.8, "risk_category": "medium"}}, {"type": "Feature", "geometry": {"type": "Point", "coordinates": [34.0, 49.0]}, "properties": {"risk_percent": 63.0, "risk_category": "medium"}}, {"type": "Feature", "geometry": {"type": "Point", "coordinates": [34.2, 49.0]}, "properties": {"risk_percent": 61.9, "risk_category": "medium"}}, {"type": "Feature", "geometry": {"type": "Point", "coordinates": [34.5, 49.0]}, "properties": {"risk_percent": 58.4, "risk_category": "medium"}}, {"type": "Feature", "geometry": {"type": "Point", "coordinates": [34.8, 49.0]}, "properties": {"risk_percent": 56.0, "risk_category": "medium"}}, {"type": "Feature", "geometry": {"type": "Point", "coordinates": [35.0, 49.0]}, "properties": {"risk_percent": 56.1, "risk_category": "medium"}}, {"type": "Feature", "geometry": {"type": "Point", "coordinates": [35.2, 49.0]}, "properties": {"risk_percent": 43.1, "risk_category": "medium"}}, {"type": "Feature", "geometry": {"type": "Point", "coordinates": [35.5, 49.0]}, "properties": {"risk_percent": 50.2, "risk_category": "medium"}}, {"type": "Feature", "geometry": {"type": "Point", "coordinates": [35.8, 49.0]}, "properties": {"risk_percent": 41.2, "risk_category": "medium"}}, {"type": "Feature", "geometry": {"type": "Point", "coordinates": [36.0, 49.0]}, "properties": {"risk_percent": 41.4, "risk_category": "medium"}}, {"type": "Feature", "geometry": {"type": "Point", "coordinates": [36.2, 49.0]}, "properties": {"risk_percent": 42.4, "risk_category": "medium"}}, {"type": "Feature", "geometry": {"type": "Point", "coordinates": [36.5, 49.0]}, "properties": {"risk_percent": 42.4, "risk_category": "medium"}}, {"type": "Feature", "geometry": {"type": "Point", "coordinates": [36.8, 49.0]}, "properties": {"risk_percent": 43.5, "risk_category": "medium"}}, {"type": "Feature", "geometry": {"type": "Point", "coordinates": [37.0, 49.0]}, "properties": {"risk_percent": 35.9, "risk_category": "medium"}}, {"type": "Feature", "geometry": {"type": "Point", "coordinates": [37.2, 49.0]}, "properties": {"risk_percent": 32.1, "risk_category": "low"}}, {"type": "Feature", "geometry": {"type": "Point", "coordinates": [37.5, 49.0]}, "properties": {"risk_percent": 40.7, "risk_category": "medium"}}, {"type": "Feature", "geometry": {"type": "Point", "coordinates": [37.8, 49.0]}, "properties": {"risk_percent": 45.2, "risk_category": "medium"}}, {"type": "Feature", "geometry": {"type": "Point", "coordinates": [38.0, 49.0]}, "properties": {"risk_percent": 50.7, "risk_category": "medium"}}, {"type": "Feature", "geometry": {"type": "Point", "coordinates": [38.2, 49.0]}, "properties": {"risk_percent": 54.6, "risk_category": "medium"}}, {"type": "Feature", "geometry": {"type": "Point", "coordinates": [38.5, 49.0]}, "properties": {"risk_percent": 38.2, "risk_category": "medium"}}, {"type": "Feature", "geometry": {"type": "Point", "coordinates": [38.8, 49.0]}, "properties": {"risk_percent": 34.4, "risk_category": "medium"}}, {"type": "Feature", "geometry": {"type": "Point", "coordinates": [39.0, 49.0]}, "properties": {"risk_percent": 43.5, "risk_category": "medium"}}, {"type": "Feature", "geometry": {"type": "Point", "coordinates": [39.2, 49.0]}, "properties": {"risk_percent": 32.4, "risk_category": "low"}}, {"type": "Feature", "geometry": {"type": "Point", "coordinates": [39.5, 49.0]}, "properties": {"risk_percent": 32.3, "risk_category": "low"}}, {"type": "Feature", "geometry": {"type": "Point", "coordinates": [39.8, 49.0]}, "properties": {"risk_percent": 35.3, "risk_category": "medium"}}, {"type": "Feature", "geometry": {"type": "Point", "coordinates": [40.0, 49.0]}, "properties": {"risk_percent": 35.3, "risk_category": "medium"}}, {"type": "Feature", "geometry": {"type": "Point", "coordinates": [40.2, 49.0]}, "properties": {"risk_percent": 31.4, "risk_category": "low"}}, {"type": "Feature", "geometry": {"type": "Point", "coordinates": [40.5, 49.0]}, "properties": {"risk_percent": 30.1, "risk_category": "low"}}, {"type": "Feature", "geometry": {"type": "Point", "coordinates": [22.0, 49.3]}, "properties": {"risk_percent": 41.7, "risk_category": "medium"}}, {"type": "Feature", "geometry": {"type": "Point", "coordinates": [22.2, 49.3]}, "properties": {"risk_percent": 33.4, "risk_category": "medium"}}, {"type": "Feature", "geometry": {"type": "Point", "coordinates": [22.5, 49.3]}, "properties": {"risk_percent": 42.4, "risk_category": "medium"}}, {"type": "Feature", "geometry": {"type": "Point", "coordinates": [22.8, 49.3]}, "properties": {"risk_percent": 12.7, "risk_category": "low"}}, {"type": "Feature", "geometry": {"type": "Point", "coordinates": [23.0, 49.3]}, "properties": {"risk_percent": 47.3, "risk_category": "medium"}}, {"type": "Feature", "geometry": {"type": "Point", "coordinates": [23.2, 49.3]}, "properties": {"risk_percent": 46.1, "risk_category": "medium"}}, {"type": "Feature", "geometry": {"type": "Point", "coordinates": [23.5, 49.3]}, "properties": {"risk_percent": 21.5, "risk_category": "low"}}, {"type": "Feature", "geometry": {"type": "Point", "coordinates": [23.8, 49.3]}, "properties": {"risk_percent": 36.4, "risk_category": "medium"}}, {"type": "Feature", "geometry": {"type": "Point", "coordinates": [24.0, 49.3]}, "properties": {"risk_percent": 31.1, "risk_category": "low"}}, {"type": "Feature", "geometry": {"type": "Point", "coordinates": [24.2, 49.3]}, "properties": {"risk_percent": 52.5, "risk_category": "medium"}}, {"type": "Feature", "geometry": {"type": "Point", "coordinates": [24.5, 49.3]}, "properties": {"risk_percent": 29.2, "risk_category": "low"}}, {"type": "Feature", "geometry": {"type": "Point", "coordinates": [24.8, 49.3]}, "properties": {"risk_percent": 27.1, "risk_category": "low"}}, {"type": "Feature", "geometry": {"type": "Point", "coordinates": [25.0, 49.3]}, "properties": {"risk_percent": 34.3, "risk_category": "medium"}}, {"type": "Feature", "geometry": {"type": "Point", "coordinates": [25.2, 49.3]}, "properties": {"risk_percent": 34.8, "risk_category": "medium"}}, {"type": "Feature", "geometry": {"type": "Point", "coordinates": [25.5, 49.3]}, "properties": {"risk_percent": 31.3, "risk_category": "low"}}, {"type": "Feature", "geometry": {"type": "Point", "coordinates": [25.8, 49.3]}, "properties": {"risk_percent": 35.1, "risk_category": "medium"}}, {"type": "Feature", "geometry": {"type": "Point", "coordinates": [26.0, 49.3]}, "properties": {"risk_percent": 37.8, "risk_category": "medium"}}, {"type": "Feature", "geometry": {"type": "Point", "coordinates": [26.2, 49.3]}, "properties": {"risk_percent": 35.7, "risk_category": "medium"}}, {"type": "Feature", "geometry": {"type": "Point", "coordinates": [26.5, 49.3]}, "properties": {"risk_percent": 38.9, "risk_category": "medium"}}, {"type": "Feature", "geometry": {"type": "Point", "coordinates": [26.8, 49.3]}, "properties": {"risk_percent": 34.2, "risk_category": "medium"}}, {"type": "Feature", "geometry": {"type": "Point", "coordinates": [27.0, 49.3]}, "properties": {"risk_percent": 43.3, "risk_category": "medium"}}, {"type": "Feature", "geometry": {"type": "Point", "coordinates": [27.2, 49.3]}, "properties": {"risk_percent": 47.2, "risk_category": "medium"}}, {"type": "Feature", "geometry": {"type": "Point", "coordinates": [27.5, 49.3]}, "properties": {"risk_percent": 48.0, "risk_category": "medium"}}, {"type": "Feature", "geometry": {"type": "Point", "coordinates": [27.8, 49.3]}, "properties": {"risk_percent": 46.6, "risk_category": "medium"}}, {"type": "Feature", "geometry": {"type": "Point", "coordinates": [28.0, 49.3]}, "properties": {"risk_percent": 29.6, "risk_category": "low"}}, {"type": "Feature", "geometry": {"type": "Point", "coordinates": [28.2, 49.3]}, "properties": {"risk_percent": 35.1, "risk_category": "medium"}}, {"type": "Feature", "geometry": {"type": "Point", "coordinates": [28.5, 49.3]}, "properties": {"risk_percent": 66.3, "risk_category": "high"}}, {"type": "Feature", "geometry": {"type": "Point", "coordinates": [28.8, 49.3]}, "properties": {"risk_percent": 37.1, "risk_category": "medium"}}, {"type": "Feature", "geometry": {"type": "Point", "coordinates": [29.0, 49.3]}, "properties": {"risk_percent": 43.3, "risk_category": "medium"}}, {"type": "Feature", "geometry": {"type": "Point", "coordinates": [29.2, 49.3]}, "properties": {"risk_percent": 36.9, "risk_category": "medium"}}, {"type": "Feature", "geometry": {"type": "Point", "coordinates": [29.5, 49.3]}, "properties": {"risk_percent": 69.2, "risk_category": "high"}}, {"type": "Feature", "geometry": {"type": "Point", "coordinates": [29.8, 49.3]}, "properties": {"risk_percent": 75.6, "risk_category": "high"}}, {"type": "Feature", "geometry": {"type": "Point", "coordinates": [30.0, 49.3]}, "properties": {"risk_percent": 70.8, "risk_category": "high"}}, {"type": "Feature", "geometry": {"type": "Point", "coordinates": [30.2, 49.3]}, "properties": {"risk_percent": 69.0, "risk_category": "high"}}, {"type": "Feature", "geometry": {"type": "Point", "coordinates": [30.5, 49.3]}, "properties": {"risk_percent": 62.9, "risk_category": "medium"}}, {"type": "Feature", "geometry": {"type": "Point", "coordinates": [30.8, 49.3]}, "properties": {"risk_percent": 74.3, "risk_category": "high"}}, {"type": "Feature", "geometry": {"type": "Point", "coordinates": [31.0, 49.3]}, "properties": {"risk_percent": 73.0, "risk_category": "high"}}, {"type": "Feature", "geometry": {"type": "Point", "coordinates": [31.2, 49.3]}, "properties": {"risk_percent": 63.7, "risk_category": "medium"}}, {"type": "Feature", "geometry": {"type": "Point", "coordinates": [31.5, 49.3]}, "properties": {"risk_percent": 69.6, "risk_category": "high"}}, {"type": "Feature", "geometry": {"type": "Point", "coordinates": [31.8, 49.3]}, "properties": {"risk_percent": 61.8, "risk_category": "medium"}}, {"type": "Feature", "geometry": {"type": "Point", "coordinates": [32.0, 49.3]}, "properties": {"risk_percent": 65.4, "risk_category": "medium"}}, {"type": "Feature", "geometry": {"type": "Point", "coordinates": [32.2, 49.3]}, "properties": {"risk_percent": 62.4, "risk_category": "medium"}}, {"type": "Feature", "geometry": {"type": "Point", "coordinates": [32.5, 49.3]}, "properties": {"risk_percent": 64.9, "risk_category": "medium"}}, {"type": "Feature", "geometry": {"type": "Point", "coordinates": [32.8, 49.3]}, "properties": {"risk_percent": 65.2, "risk_category": "medium"}}, {"type": "Feature", "geometry": {"type": "Point", "coordinates": [33.0, 49.3]}, "properties": {"risk_percent": 54.6, "risk_category": "medium"}}, {"type": "Feature", "geometry": {"type": "Point", "coordinates": [33.2, 49.3]}, "properties": {"risk_percent": 51.2, "risk_category": "medium"}}, {"type": "Feature", "geometry": {"type": "Point", "coordinates": [33.5, 49.3]}, "properties": {"risk_percent": 50.5, "risk_category": "medium"}}, {"type": "Feature", "geometry": {"type": "Point", "coordinates": [33.8, 49.3]}, "properties": {"risk_percent": 61.6, "risk_category": "medium"}}, {"type": "Feature", "geometry": {"type": "Point", "coordinates": [34.0, 49.3]}, "properties": {"risk_percent": 63.3, "risk_category": "medium"}}, {"type": "Feature", "geometry": {"type": "Point", "coordinates": [34.2, 49.3]}, "properties": {"risk_percent": 64.2, "risk_category": "medium"}}, {"type": "Feature", "geometry": {"type": "Point", "coordinates": [34.5, 49.3]}, "properties": {"risk_percent": 63.6, "risk_category": "medium"}}, {"type": "Feature", "geometry": {"type": "Point", "coordinates": [34.8, 49.3]}, "properties": {"risk_percent": 56.5, "risk_category": "medium"}}, {"type": "Feature", "geometry": {"type": "Point", "coordinates": [35.0, 49.3]}, "properties": {"risk_percent": 52.8, "risk_category": "medium"}}, {"type": "Feature", "geometry": {"type": "Point", "coordinates": [35.2, 49.3]}, "properties": {"risk_percent": 50.1, "risk_category": "medium"}}, {"type": "Feature", "geometry": {"type": "Point", "coordinates": [35.5, 49.3]}, "properties": {"risk_percent": 63.2, "risk_category": "medium"}}, {"type": "Feature", "geometry": {"type": "Point", "coordinates": [35.8, 49.3]}, "properties": {"risk_percent": 32.2, "risk_category": "low"}}, {"type": "Feature", "geometry": {"type": "Point", "coordinates": [36.0, 49.3]}, "properties": {"risk_percent": 28.2, "risk_category": "low"}}, {"type": "Feature", "geometry": {"type": "Point", "coordinates": [36.2, 49.3]}, "properties": {"risk_percent": 38.9, "risk_category": "medium"}}, {"type": "Feature", "geometry": {"type": "Point", "coordinates": [36.5, 49.3]}, "properties": {"risk_percent": 31.9, "risk_category": "low"}}, {"type": "Feature", "geometry": {"type": "Point", "coordinates": [36.8, 49.3]}, "properties": {"risk_percent": 36.5, "risk_category": "medium"}}, {"type": "Feature", "geometry": {"type": "Point", "coordinates": [37.0, 49.3]}, "properties": {"risk_percent": 38.9, "risk_category": "medium"}}, {"type": "Feature", "geometry": {"type": "Point", "coordinates": [37.2, 49.3]}, "properties": {"risk_percent": 46.4, "risk_category": "medium"}}, {"type": "Feature", "geometry": {"type": "Point", "coordinates": [37.5, 49.3]}, "properties": {"risk_percent": 63.8, "risk_category": "medium"}}, {"type": "Feature", "geometry": {"type": "Point", "coordinates": [37.8, 49.3]}, "properties": {"risk_percent": 28.3, "risk_category": "low"}}, {"type": "Feature", "geometry": {"type": "Point", "coordinates": [38.0, 49.3]}, "properties": {"risk_percent": 29.3, "risk_category": "low"}}, {"type": "Feature", "geometry": {"type": "Point", "coordinates": [38.2, 49.3]}, "properties": {"risk_percent": 42.3, "risk_category": "medium"}}, {"type": "Feature", "geometry": {"type": "Point", "coordinates": [38.5, 49.3]}, "properties": {"risk_percent": 36.7, "risk_category": "medium"}}, {"type": "Feature", "geometry": {"type": "Point", "coordinates": [38.8, 49.3]}, "properties": {"risk_percent": 37.0, "risk_category": "medium"}}, {"type": "Feature", "geometry": {"type": "Point", "coordinates": [39.0, 49.3]}, "properties": {"risk_percent": 41.5, "risk_category": "medium"}}, {"type": "Feature", "geometry": {"type": "Point", "coordinates": [39.2, 49.3]}, "properties": {"risk_percent": 31.4, "risk_category": "low"}}, {"type": "Feature", "geometry": {"type": "Point", "coordinates": [39.5, 49.3]}, "properties": {"risk_percent": 30.9, "risk_category": "low"}}, {"type": "Feature", "geometry": {"type": "Point", "coordinates": [39.8, 49.3]}, "properties": {"risk_percent": 35.9, "risk_category": "medium"}}, {"type": "Feature", "geometry": {"type": "Point", "coordinates": [40.0, 49.3]}, "properties": {"risk_percent": 33.9, "risk_category": "medium"}}, {"type": "Feature", "geometry": {"type": "Point", "coordinates": [40.2, 49.3]}, "properties": {"risk_percent": 25.7, "risk_category": "low"}}, {"type": "Feature", "geometry": {"type": "Point", "coordinates": [40.5, 49.3]}, "properties": {"risk_percent": 37.5, "risk_category": "medium"}}, {"type": "Feature", "geometry": {"type": "Point", "coordinates": [22.0, 49.6]}, "properties": {"risk_percent": 24.1, "risk_category": "low"}}, {"type": "Feature", "geometry": {"type": "Point", "coordinates": [22.2, 49.6]}, "properties": {"risk_percent": 24.7, "risk_category": "low"}}, {"type": "Feature", "geometry": {"type": "Point", "coordinates": [22.5, 49.6]}, "properties": {"risk_percent": 35.0, "risk_category": "medium"}}, {"type": "Feature", "geometry": {"type": "Point", "coordinates": [22.8, 49.6]}, "properties": {"risk_percent": 36.4, "risk_category": "medium"}}, {"type": "Feature", "geometry": {"type": "Point", "coordinates": [23.0, 49.6]}, "properties": {"risk_percent": 32.5, "risk_category": "low"}}, {"type": "Feature", "geometry": {"type": "Point", "coordinates": [23.2, 49.6]}, "properties": {"risk_percent": 28.6, "risk_category": "low"}}, {"type": "Feature", "geometry": {"type": "Point", "coordinates": [23.5, 49.6]}, "properties": {"risk_percent": 48.2, "risk_category": "medium"}}, {"type": "Feature", "geometry": {"type": "Point", "coordinates": [23.8, 49.6]}, "properties": {"risk_percent": 41.9, "risk_category": "medium"}}, {"type": "Feature", "geometry": {"type": "Point", "coordinates": [24.0, 49.6]}, "properties": {"risk_percent": 49.9, "risk_category": "medium"}}, {"type": "Feature", "geometry": {"type": "Point", "coordinates": [24.2, 49.6]}, "properties": {"risk_percent": 33.1, "risk_category": "medium"}}, {"type": "Feature", "geometry": {"type": "Point", "coordinates": [24.5, 49.6]}, "properties": {"risk_percent": 28.1, "risk_category": "low"}}, {"type": "Feature", "geometry": {"type": "Point", "coordinates": [24.8, 49.6]}, "properties": {"risk_percent": 17.3, "risk_category": "low"}}, {"type": "Feature", "geometry": {"type": "Point", "coordinates": [25.0, 49.6]}, "properties": {"risk_percent": 27.3, "risk_category": "low"}}, {"type": "Feature", "geometry": {"type": "Point", "coordinates": [25.2, 49.6]}, "properties": {"risk_percent": 25.2, "risk_category": "low"}}, {"type": "Feature", "geometry": {"type": "Point", "coordinates": [25.5, 49.6]}, "properties": {"risk_percent": 30.5, "risk_category": "low"}}, {"type": "Feature", "geometry": {"type": "Point", "coordinates": [25.8, 49.6]}, "properties": {"risk_percent": 34.3, "risk_category": "medium"}}, {"type": "Feature", "geometry": {"type": "Point", "coordinates": [26.0, 49.6]}, "properties": {"risk_percent": 29.2, "risk_category": "low"}}, {"type": "Feature", "geometry": {"type": "Point", "coordinates": [26.2, 49.6]}, "properties": {"risk_percent": 42.2, "risk_category": "medium"}}, {"type": "Feature", "geometry": {"type": "Point", "coordinates": [26.5, 49.6]}, "properties": {"risk_percent": 37.7, "risk_category": "medium"}}, {"type": "Feature", "geometry": {"type": "Point", "coordinates": [26.8, 49.6]}, "properties": {"risk_percent": 50.0, "risk_category": "medium"}}, {"type": "Feature", "geometry": {"type": "Point", "coordinates": [27.0, 49.6]}, "properties": {"risk_percent": 34.1, "risk_category": "medium"}}, {"type": "Feature", "geometry": {"type": "Point", "coordinates": [27.2, 49.6]}, "properties": {"risk_percent": 34.8, "risk_category": "medium"}}, {"type": "Feature", "geometry": {"type": "Point", "coordinates": [27.5, 49.6]}, "properties": {"risk_percent": 40.2, "risk_category": "medium"}}, {"type": "Feature", "geometry": {"type": "Point", "coordinates": [27.8, 49.6]}, "properties": {"risk_percent": 38.8, "risk_category": "medium"}}, {"type": "Feature", "geometry": {"type": "Point", "coordinates": [28.0, 49.6]}, "properties": {"risk_percent": 36.1, "risk_category": "medium"}}, {"type": "Feature", "geometry": {"type": "Point", "coordinates": [28.2, 49.6]}, "properties": {"risk_percent": 32.3, "risk_category": "low"}}, {"type": "Feature", "geometry": {"type": "Point", "coordinates": [28.5, 49.6]}, "properties": {"risk_percent": 49.7, "risk_category": "medium"}}, {"type": "Feature", "geometry": {"type": "Point", "coordinates": [28.8, 49.6]}, "properties": {"risk_percent": 27.9, "risk_category": "low"}}, {"type": "Feature", "geometry": {"type": "Point", "coordinates": [29.0, 49.6]}, "properties": {"risk_percent": 36.9, "risk_category": "medium"}}, {"type": "Feature", "geometry": {"type": "Point", "coordinates": [29.2, 49.6]}, "properties": {"risk_percent": 53.0, "risk_category": "medium"}}, {"type": "Feature", "geometry": {"type": "Point", "coordinates": [29.5, 49.6]}, "properties": {"risk_percent": 45.7, "risk_category": "medium"}}, {"type": "Feature", "geometry": {"type": "Point", "coordinates": [29.8, 49.6]}, "properties": {"risk_percent": 71.4, "risk_category": "high"}}, {"type": "Feature", "geometry": {"type": "Point", "coordinates": [30.0, 49.6]}, "properties": {"risk_percent": 75.3, "risk_category": "high"}}, {"type": "Feature", "geometry": {"type": "Point", "coordinates": [30.2, 49.6]}, "properties": {"risk_percent": 70.9, "risk_category": "high"}}, {"type": "Feature", "geometry": {"type": "Point", "coordinates": [30.5, 49.6]}, "properties": {"risk_percent": 75.1, "risk_category": "high"}}, {"type": "Feature", "geometry": {"type": "Point", "coordinates": [30.8, 49.6]}, "properties": {"risk_percent": 83.4, "risk_category": "high"}}, {"type": "Feature", "geometry": {"type": "Point", "coordinates": [31.0, 49.6]}, "properties": {"risk_percent": 80.4, "risk_category": "high"}}, {"type": "Feature", "geometry": {"type": "Point", "coordinates": [31.2, 49.6]}, "properties": {"risk_percent": 71.6, "risk_category": "high"}}, {"type": "Feature", "geometry": {"type": "Point", "coordinates": [31.5, 49.6]}, "properties": {"risk_percent": 65.9, "risk_category": "medium"}}, {"type": "Feature", "geometry": {"type": "Point", "coordinates": [31.8, 49.6]}, "properties": {"risk_percent": 77.2, "risk_category": "high"}}, {"type": "Feature", "geometry": {"type": "Point", "coordinates": [32.0, 49.6]}, "properties": {"risk_percent": 74.4, "risk_category": "high"}}, {"type": "Feature", "geometry": {"type": "Point", "coordinates": [32.2, 49.6]}, "properties": {"risk_percent": 61.1, "risk_category": "medium"}}, {"type": "Feature", "geometry": {"type": "Point", "coordinates": [32.5, 49.6]}, "properties": {"risk_percent": 53.0, "risk_category": "medium"}}, {"type": "Feature", "geometry": {"type": "Point", "coordinates": [32.8, 49.6]}, "properties": {"risk_percent": 57.3, "risk_category": "medium"}}, {"type": "Feature", "geometry": {"type": "Point", "coordinates": [33.0, 49.6]}, "properties": {"risk_percent": 60.2, "risk_category": "medium"}}, {"type": "Feature", "geometry": {"type": "Point", "coordinates": [33.2, 49.6]}, "properties": {"risk_percent": 61.4, "risk_category": "medium"}}, {"type": "Feature", "geometry": {"type": "Point", "coordinates": [33.5, 49.6]}, "properties": {"risk_percent": 53.9, "risk_category": "medium"}}, {"type": "Feature", "geometry": {"type": "Point", "coordinates": [33.8, 49.6]}, "properties": {"risk_percent": 51.8, "risk_category": "medium"}}, {"type": "Feature", "geometry": {"type": "Point", "coordinates": [34.0, 49.6]}, "properties": {"risk_percent": 57.5, "risk_category": "medium"}}, {"type": "Feature", "geometry": {"type": "Point", "coordinates": [34.2, 49.6]}, "properties": {"risk_percent": 56.9, "risk_category": "medium"}}, {"type": "Feature", "geometry": {"type": "Point", "coordinates": [34.5, 49.6]}, "properties": {"risk_percent": 67.0, "risk_category": "high"}}, {"type": "Feature", "geometry": {"type": "Point", "coordinates": [34.8, 49.6]}, "properties": {"risk_percent": 56.2, "risk_category": "medium"}}, {"type": "Feature", "geometry": {"type": "Point", "coordinates": [35.0, 49.6]}, "properties": {"risk_percent": 60.6, "risk_category": "medium"}}, {"type": "Feature", "geometry": {"type": "Point", "coordinates": [35.2, 49.6]}, "properties": {"risk_percent": 72.3, "risk_category": "high"}}, {"type": "Feature", "geometry": {"type": "Point", "coordinates": [35.5, 49.6]}, "properties": {"risk_percent": 69.3, "risk_category": "high"}}, {"type": "Feature", "geometry": {"type": "Point", "coordinates": [35.8, 49.6]}, "properties": {"risk_percent": 70.0, "risk_category": "high"}}, {"type": "Feature", "geometry": {"type": "Point", "coordinates": [36.0, 49.6]}, "properties": {"risk_percent": 66.5, "risk_category": "high"}}, {"type": "Feature", "geometry": {"type": "Point", "coordinates": [36.2, 49.6]}, "properties": {"risk_percent": 68.7, "risk_category": "high"}}, {"type": "Feature", "geometry": {"type": "Point", "coordinates": [36.5, 49.6]}, "properties": {"risk_percent": 61.3, "risk_category": "medium"}}, {"type": "Feature", "geometry": {"type": "Point", "coordinates": [36.8, 49.6]}, "properties": {"risk_percent": 33.3, "risk_category": "medium"}}, {"type": "Feature", "geometry": {"type": "Point", "coordinates": [37.0, 49.6]}, "properties": {"risk_percent": 35.4, "risk_category": "medium"}}, {"type": "Feature", "geometry": {"type": "Point", "coordinates": [37.2, 49.6]}, "properties": {"risk_percent": 26.8, "risk_category": "low"}}, {"type": "Feature", "geometry": {"type": "Point", "coordinates": [37.5, 49.6]}, "properties": {"risk_percent": 28.6, "risk_category": "low"}}, {"type": "Feature", "geometry": {"type": "Point", "coordinates": [37.8, 49.6]}, "properties": {"risk_percent": 35.4, "risk_category": "medium"}}, {"type": "Feature", "geometry": {"type": "Point", "coordinates": [38.0, 49.6]}, "properties": {"risk_percent": 25.1, "risk_category": "low"}}, {"type": "Feature", "geometry": {"type": "Point", "coordinates": [38.2, 49.6]}, "properties": {"risk_percent": 49.7, "risk_category": "medium"}}, {"type": "Feature", "geometry": {"type": "Point", "coordinates": [38.5, 49.6]}, "properties": {"risk_percent": 25.8, "risk_category": "low"}}, {"type": "Feature", "geometry": {"type": "Point", "coordinates": [38.8, 49.6]}, "properties": {"risk_percent": 30.1, "risk_category": "low"}}, {"type": "Feature", "geometry": {"type": "Point", "coordinates": [39.0, 49.6]}, "properties": {"risk_percent": 33.5, "risk_category": "medium"}}, {"type": "Feature", "geometry": {"type": "Point", "coordinates": [39.2, 49.6]}, "properties": {"risk_percent": 40.2, "risk_category": "medium"}}, {"type": "Feature", "geometry": {"type": "Point", "coordinates": [39.5, 49.6]}, "properties": {"risk_percent": 28.4, "risk_category": "low"}}, {"type": "Feature", "geometry": {"type": "Point", "coordinates": [39.8, 49.6]}, "properties": {"risk_percent": 32.6, "risk_category": "low"}}, {"type": "Feature", "geometry": {"type": "Point", "coordinates": [40.0, 49.6]}, "properties": {"risk_percent": 28.4, "risk_category": "low"}}, {"type": "Feature", "geometry": {"type": "Point", "coordinates": [40.2, 49.6]}, "properties": {"risk_percent": 27.0, "risk_category": "low"}}, {"type": "Feature", "geometry": {"type": "Point", "coordinates": [22.0, 49.8]}, "properties": {"risk_percent": 18.3, "risk_category": "low"}}, {"type": "Feature", "geometry": {"type": "Point", "coordinates": [22.2, 49.8]}, "properties": {"risk_percent": 18.0, "risk_category": "low"}}, {"type": "Feature", "geometry": {"type": "Point", "coordinates": [22.5, 49.8]}, "properties": {"risk_percent": 30.5, "risk_category": "low"}}, {"type": "Feature", "geometry": {"type": "Point", "coordinates": [22.8, 49.8]}, "properties": {"risk_percent": 50.6, "risk_category": "medium"}}, {"type": "Feature", "geometry": {"type": "Point", "coordinates": [23.0, 49.8]}, "properties": {"risk_percent": 53.2, "risk_category": "medium"}}, {"type": "Feature", "geometry": {"type": "Point", "coordinates": [23.2, 49.8]}, "properties": {"risk_percent": 49.8, "risk_category": "medium"}}, {"type": "Feature", "geometry": {"type": "Point", "coordinates": [23.5, 49.8]}, "properties": {"risk_percent": 50.4, "risk_category": "medium"}}, {"type": "Feature", "geometry": {"type": "Point", "coordinates": [23.8, 49.8]}, "properties": {"risk_percent": 48.6, "risk_category": "medium"}}, {"type": "Feature", "geometry": {"type": "Point", "coordinates": [24.0, 49.8]}, "properties": {"risk_percent": 53.8, "risk_category": "medium"}}, {"type": "Feature", "geometry": {"type": "Point", "coordinates": [24.2, 49.8]}, "properties": {"risk_percent": 48.7, "risk_category": "medium"}}, {"type": "Feature", "geometry": {"type": "Point", "coordinates": [24.5, 49.8]}, "properties": {"risk_percent": 47.5, "risk_category": "medium"}}, {"type": "Feature", "geometry": {"type": "Point", "coordinates": [24.8, 49.8]}, "properties": {"risk_percent": 26.7, "risk_category": "low"}}, {"type": "Feature", "geometry": {"type": "Point", "coordinates": [25.0, 49.8]}, "properties": {"risk_percent": 31.7, "risk_category": "low"}}, {"type": "Feature", "geometry": {"type": "Point", "coordinates": [25.2, 49.8]}, "properties": {"risk_percent": 19.2, "risk_category": "low"}}, {"type": "Feature", "geometry": {"type": "Point", "coordinates": [25.5, 49.8]}, "properties": {"risk_percent": 25.9, "risk_category": "low"}}, {"type": "Feature", "geometry": {"type": "Point", "coordinates": [25.8, 49.8]}, "properties": {"risk_percent": 18.4, "risk_category": "low"}}, {"type": "Feature", "geometry": {"type": "Point", "coordinates": [26.0, 49.8]}, "properties": {"risk_percent": 24.9, "risk_category": "low"}}, {"type": "Feature", "geometry": {"type": "Point", "coordinates": [26.2, 49.8]}, "properties": {"risk_percent": 40.6, "risk_category": "medium"}}, {"type": "Feature", "geometry": {"type": "Point", "coordinates": [26.5, 49.8]}, "properties": {"risk_percent": 41.4, "risk_category": "medium"}}, {"type": "Feature", "geometry": {"type": "Point", "coordinates": [26.8, 49.8]}, "properties": {"risk_percent": 36.9, "risk_category": "medium"}}, {"type": "Feature", "geometry": {"type": "Point", "coordinates": [27.0, 49.8]}, "properties": {"risk_percent": 52.8, "risk_category": "medium"}}, {"type": "Feature", "geometry": {"type": "Point", "coordinates": [27.2, 49.8]}, "properties": {"risk_percent": 43.1, "risk_category": "medium"}}, {"type": "Feature", "geometry": {"type": "Point", "coordinates": [27.5, 49.8]}, "properties": {"risk_percent": 42.3, "risk_category": "medium"}}, {"type": "Feature", "geometry": {"type": "Point", "coordinates": [27.8, 49.8]}, "properties": {"risk_percent": 39.8, "risk_category": "medium"}}, {"type": "Feature", "geometry": {"type": "Point", "coordinates": [28.0, 49.8]}, "properties": {"risk_percent": 34.8, "risk_category": "medium"}}, {"type": "Feature", "geometry": {"type": "Point", "coordinates": [28.2, 49.8]}, "properties": {"risk_percent": 30.0, "risk_category": "low"}}, {"type": "Feature", "geometry": {"type": "Point", "coordinates": [28.5, 49.8]}, "properties": {"risk_percent": 43.9, "risk_category": "medium"}}, {"type": "Feature", "geometry": {"type": "Point", "coordinates": [28.8, 49.8]}, "properties": {"risk_percent": 33.7, "risk_category": "medium"}}, {"type": "Feature", "geometry": {"type": "Point", "coordinates": [29.0, 49.8]}, "properties": {"risk_percent": 45.6, "risk_category": "medium"}}, {"type": "Feature", "geometry": {"type": "Point", "coordinates": [29.2, 49.8]}, "properties": {"risk_percent": 56.1, "risk_category": "medium"}}, {"type": "Feature", "geometry": {"type": "Point", "coordinates": [29.5, 49.8]}, "properties": {"risk_percent": 50.0, "risk_category": "medium"}}, {"type": "Feature", "geometry": {"type": "Point", "coordinates": [29.8, 49.8]}, "properties": {"risk_percent": 58.6, "risk_category": "medium"}}, {"type": "Feature", "geometry": {"type": "Point", "coordinates": [30.0, 49.8]}, "properties": {"risk_percent": 65.3, "risk_category": "medium"}}, {"type": "Feature", "geometry": {"type": "Point", "coordinates": [30.2, 49.8]}, "properties": {"risk_percent": 66.5, "risk_category": "high"}}, {"type": "Feature", "geometry": {"type": "Point", "coordinates": [30.5, 49.8]}, "properties": {"risk_percent": 61.2, "risk_category": "medium"}}, {"type": "Feature", "geometry": {"type": "Point", "coordinates": [30.8, 49.8]}, "properties": {"risk_percent": 73.1, "risk_category": "high"}}, {"type": "Feature", "geometry": {"type": "Point", "coordinates": [31.0, 49.8]}, "properties": {"risk_percent": 76.1, "risk_category": "high"}}, {"type": "Feature", "geometry": {"type": "Point", "coordinates": [31.2, 49.8]}, "properties": {"risk_percent": 66.2, "risk_category": "high"}}, {"type": "Feature", "geometry": {"type": "Point", "coordinates": [31.5, 49.8]}, "properties": {"risk_percent": 81.6, "risk_category": "high"}}, {"type": "Feature", "geometry": {"type": "Point", "coordinates": [31.8, 49.8]}, "properties": {"risk_percent": 67.1, "risk_category": "high"}}, {"type": "Feature", "geometry": {"type": "Point", "coordinates": [32.0, 49.8]}, "properties": {"risk_percent": 68.0, "risk_category": "high"}}, {"type": "Feature", "geometry": {"type": "Point", "coordinates": [32.2, 49.8]}, "properties": {"risk_percent": 69.8, "risk_category": "high"}}, {"type": "Feature", "geometry": {"type": "Point", "coordinates": [32.5, 49.8]}, "properties": {"risk_percent": 54.8, "risk_category": "medium"}}, {"type": "Feature", "geometry": {"type": "Point", "coordinates": [32.8, 49.8]}, "properties": {"risk_percent": 58.2, "risk_category": "medium"}}, {"type": "Feature", "geometry": {"type": "Point", "coordinates": [33.0, 49.8]}, "properties": {"risk_percent": 60.6, "risk_category": "medium"}}, {"type": "Feature", "geometry": {"type": "Point", "coordinates": [33.2, 49.8]}, "properties": {"risk_percent": 59.0, "risk_category": "medium"}}, {"type": "Feature", "geometry": {"type": "Point", "coordinates": [33.5, 49.8]}, "properties": {"risk_percent": 55.4, "risk_category": "medium"}}, {"type": "Feature", "geometry": {"type": "Point", "coordinates": [33.8, 49.8]}, "properties": {"risk_percent": 64.1, "risk_category": "medium"}}, {"type": "Feature", "geometry": {"type": "Point", "coordinates": [34.0, 49.8]}, "properties": {"risk_percent": 67.8, "risk_category": "high"}}, {"type": "Feature", "geometry": {"type": "Point", "coordinates": [34.2, 49.8]}, "properties": {"risk_percent": 72.9, "risk_category": "high"}}, {"type": "Feature", "geometry": {"type": "Point", "coordinates": [34.5, 49.8]}, "properties": {"risk_percent": 69.6, "risk_category": "high"}}, {"type": "Feature", "geometry": {"type": "Point", "coordinates": [34.8, 49.8]}, "properties": {"risk_percent": 66.0, "risk_category": "high"}}, {"type": "Feature", "geometry": {"type": "Point", "coordinates": [35.0, 49.8]}, "properties": {"risk_percent": 67.2, "risk_category": "high"}}, {"type": "Feature", "geometry": {"type": "Point", "coordinates": [35.2, 49.8]}, "properties": {"risk_percent": 71.6, "risk_category": "high"}}, {"type": "Feature", "geometry": {"type": "Point", "coordinates": [35.5, 49.8]}, "properties": {"risk_percent": 70.6, "risk_category": "high"}}, {"type": "Feature", "geometry": {"type": "Point", "coordinates": [35.8, 49.8]}, "properties": {"risk_percent": 76.1, "risk_category": "high"}}, {"type": "Feature", "geometry": {"type": "Point", "coordinates": [36.0, 49.8]}, "properties": {"risk_percent": 75.0, "risk_category": "high"}}, {"type": "Feature", "geometry": {"type": "Point", "coordinates": [36.2, 49.8]}, "properties": {"risk_percent": 66.8, "risk_category": "high"}}, {"type": "Feature", "geometry": {"type": "Point", "coordinates": [36.5, 49.8]}, "properties": {"risk_percent": 39.0, "risk_category": "medium"}}, {"type": "Feature", "geometry": {"type": "Point", "coordinates": [36.8, 49.8]}, "properties": {"risk_percent": 30.4, "risk_category": "low"}}, {"type": "Feature", "geometry": {"type": "Point", "coordinates": [37.0, 49.8]}, "properties": {"risk_percent": 41.0, "risk_category": "medium"}}, {"type": "Feature", "geometry": {"type": "Point", "coordinates": [37.2, 49.8]}, "properties": {"risk_percent": 36.0, "risk_category": "medium"}}, {"type": "Feature", "geometry": {"type": "Point", "coordinates": [37.5, 49.8]}, "properties": {"risk_percent": 33.4, "risk_category": "medium"}}, {"type": "Feature", "geometry": {"type": "Point", "coordinates": [37.8, 49.8]}, "properties": {"risk_percent": 26.5, "risk_category": "low"}}, {"type": "Feature", "geometry": {"type": "Point", "coordinates": [38.0, 49.8]}, "properties": {"risk_percent": 30.3, "risk_category": "low"}}, {"type": "Feature", "geometry": {"type": "Point", "coordinates": [38.2, 49.8]}, "properties": {"risk_percent": 34.1, "risk_category": "medium"}}, {"type": "Feature", "geometry": {"type": "Point", "coordinates": [38.5, 49.8]}, "properties": {"risk_percent": 35.4, "risk_category": "medium"}}, {"type": "Feature", "geometry": {"type": "Point", "coordinates": [38.8, 49.8]}, "properties": {"risk_percent": 36.8, "risk_category": "medium"}}, {"type": "Feature", "geometry": {"type": "Point", "coordinates": [39.0, 49.8]}, "properties": {"risk_percent": 19.3, "risk_category": "low"}}, {"type": "Feature", "geometry": {"type": "Point", "coordinates": [39.2, 49.8]}, "properties": {"risk_percent": 21.5, "risk_category": "low"}}, {"type": "Feature", "geometry": {"type": "Point", "coordinates": [39.5, 49.8]}, "properties": {"risk_percent": 28.1, "risk_category": "low"}}, {"type": "Feature", "geometry": {"type": "Point", "coordinates": [39.8, 49.8]}, "properties": {"risk_percent": 24.5, "risk_category": "low"}}, {"type": "Feature", "geometry": {"type": "Point", "coordinates": [22.0, 50.0]}, "properties": {"risk_percent": 53.6, "risk_category": "medium"}}, {"type": "Feature", "geometry": {"type": "Point", "coordinates": [22.2, 50.0]}, "properties": {"risk_percent": 49.7, "risk_category": "medium"}}, {"type": "Feature", "geometry": {"type": "Point", "coordinates": [22.5, 50.0]}, "properties": {"risk_percent": 54.9, "risk_category": "medium"}}, {"type": "Feature", "geometry": {"type": "Point", "coordinates": [22.8, 50.0]}, "properties": {"risk_percent": 42.7, "risk_category": "medium"}}, {"type": "Feature", "geometry": {"type": "Point", "coordinates": [23.0, 50.0]}, "properties": {"risk_percent": 43.7, "risk_category": "medium"}}, {"type": "Feature", "geometry": {"type": "Point", "coordinates": [23.2, 50.0]}, "properties": {"risk_percent": 51.2, "risk_category": "medium"}}, {"type": "Feature", "geometry": {"type": "Point", "coordinates": [23.5, 50.0]}, "properties": {"risk_percent": 41.6, "risk_category": "medium"}}, {"type": "Feature", "geometry": {"type": "Point", "coordinates": [23.8, 50.0]}, "properties": {"risk_percent": 43.1, "risk_category": "medium"}}, {"type": "Feature", "geometry": {"type": "Point", "coordinates": [24.0, 50.0]}, "properties": {"risk_percent": 30.0, "risk_category": "low"}}, {"type": "Feature", "geometry": {"type": "Point", "coordinates": [24.2, 50.0]}, "properties": {"risk_percent": 46.5, "risk_category": "medium"}}, {"type": "Feature", "geometry": {"type": "Point", "coordinates": [24.5, 50.0]}, "properties": {"risk_percent": 28.8, "risk_category": "low"}}, {"type": "Feature", "geometry": {"type": "Point", "coordinates": [24.8, 50.0]}, "properties": {"risk_percent": 33.2, "risk_category": "medium"}}, {"type": "Feature", "geometry": {"type": "Point", "coordinates": [25.0, 50.0]}, "properties": {"risk_percent": 26.2, "risk_category": "low"}}, {"type": "Feature", "geometry": {"type": "Point", "coordinates": [25.2, 50.0]}, "properties": {"risk_percent": 23.1, "risk_category": "low"}}, {"type": "Feature", "geometry": {"type": "Point", "coordinates": [25.5, 50.0]}, "properties": {"risk_percent": 24.2, "risk_category": "low"}}, {"type": "Feature", "geometry": {"type": "Point", "coordinates": [25.8, 50.0]}, "properties": {"risk_percent": 18.1, "risk_category": "low"}}, {"type": "Feature", "geometry": {"type": "Point", "coordinates": [26.0, 50.0]}, "properties": {"risk_percent": 32.4, "risk_category": "low"}}, {"type": "Feature", "geometry": {"type": "Point", "coordinates": [26.2, 50.0]}, "properties": {"risk_percent": 36.7, "risk_category": "medium"}}, {"type": "Feature", "geometry": {"type": "Point", "coordinates": [26.5, 50.0]}, "properties": {"risk_percent": 35.4, "risk_category": "medium"}}, {"type": "Feature", "geometry": {"type": "Point", "coordinates": [26.8, 50.0]}, "properties": {"risk_percent": 36.7, "risk_category": "medium"}}, {"type": "Feature", "geometry": {"type": "Point", "coordinates": [27.0, 50.0]}, "properties": {"risk_percent": 41.2, "risk_category": "medium"}}, {"type": "Feature", "geometry": {"type": "Point", "coordinates": [27.2, 50.0]}, "properties": {"risk_percent": 43.3, "risk_category": "medium"}}, {"type": "Feature", "geometry": {"type": "Point", "coordinates": [27.5, 50.0]}, "properties": {"risk_percent": 46.6, "risk_category": "medium"}}, {"type": "Feature", "geometry": {"type": "Point", "coordinates": [27.8, 50.0]}, "properties": {"risk_percent": 52.4, "risk_category": "medium"}}, {"type": "Feature", "geometry": {"type": "Point", "coordinates": [28.0, 50.0]}, "properties": {"risk_percent": 45.4, "risk_category": "medium"}}, {"type": "Feature", "geometry": {"type": "Point", "coordinates": [28.2, 50.0]}, "properties": {"risk_percent": 48.3, "risk_category": "medium"}}, {"type": "Feature", "geometry": {"type": "Point", "coordinates": [28.5, 50.0]}, "properties": {"risk_percent": 39.8, "risk_category": "medium"}}, {"type": "Feature", "geometry": {"type": "Point", "coordinates": [28.8, 50.0]}, "properties": {"risk_percent": 35.5, "risk_category": "medium"}}, {"type": "Feature", "geometry": {"type": "Point", "coordinates": [29.0, 50.0]}, "properties": {"risk_percent": 53.6, "risk_category": "medium"}}, {"type": "Feature", "geometry": {"type": "Point", "coordinates": [29.2, 50.0]}, "properties": {"risk_percent": 50.5, "risk_category": "medium"}}, {"type": "Feature", "geometry": {"type": "Point", "coordinates": [29.5, 50.0]}, "properties": {"risk_percent": 47.1, "risk_category": "medium"}}, {"type": "Feature", "geometry": {"type": "Point", "coordinates": [29.8, 50.0]}, "properties": {"risk_percent": 71.4, "risk_category": "high"}}, {"type": "Feature", "geometry": {"type": "Point", "coordinates": [30.0, 50.0]}, "properties": {"risk_percent": 71.6, "risk_category": "high"}}, {"type": "Feature", "geometry": {"type": "Point", "coordinates": [30.2, 50.0]}, "properties": {"risk_percent": 68.0, "risk_category": "high"}}, {"type": "Feature", "geometry": {"type": "Point", "coordinates": [30.5, 50.0]}, "properties": {"risk_percent": 65.3, "risk_category": "medium"}}, {"type": "Feature", "geometry": {"type": "Point", "coordinates": [30.8, 50.0]}, "properties": {"risk_percent": 65.8, "risk_category": "medium"}}, {"type": "Feature", "geometry": {"type": "Point", "coordinates": [31.0, 50.0]}, "properties": {"risk_percent": 71.4, "risk_category": "high"}}, {"type": "Feature", "geometry": {"type": "Point", "coordinates": [31.2, 50.0]}, "properties": {"risk_percent": 78.6, "risk_category": "high"}}, {"type": "Feature", "geometry": {"type": "Point", "coordinates": [31.5, 50.0]}, "properties": {"risk_percent": 80.5, "risk_category": "high"}}, {"type": "Feature", "geometry": {"type": "Point", "coordinates": [31.8, 50.0]}, "properties": {"risk_percent": 75.6, "risk_category": "high"}}, {"type": "Feature", "geometry": {"type": "Point", "coordinates": [32.0, 50.0]}, "properties": {"risk_percent": 73.0, "risk_category": "high"}}, {"type": "Feature", "geometry": {"type": "Point", "coordinates": [32.2, 50.0]}, "properties": {"risk_percent": 76.0, "risk_category": "high"}}, {"type": "Feature", "geometry": {"type": "Point", "coordinates": [32.5, 50.0]}, "properties": {"risk_percent": 68.1, "risk_category": "high"}}, {"type": "Feature", "geometry": {"type": "Point", "coordinates": [32.8, 50.0]}, "properties": {"risk_percent": 63.3, "risk_category": "medium"}}, {"type": "Feature", "geometry": {"type": "Point", "coordinates": [33.0, 50.0]}, "properties": {"risk_percent": 69.7, "risk_category": "high"}}, {"type": "Feature", "geometry": {"type": "Point", "coordinates": [33.2, 50.0]}, "properties": {"risk_percent": 65.7, "risk_category": "medium"}}, {"type": "Feature", "geometry": {"type": "Point", "coordinates": [33.5, 50.0]}, "properties": {"risk_percent": 62.2, "risk_category": "medium"}}, {"type": "Feature", "geometry": {"type": "Point", "coordinates": [33.8, 50.0]}, "properties": {"risk_percent": 62.4, "risk_category": "medium"}}, {"type": "Feature", "geometry": {"type": "Point", "coordinates": [34.0, 50.0]}, "properties": {"risk_percent": 61.6, "risk_category": "medium"}}, {"type": "Feature", "geometry": {"type": "Point", "coordinates": [34.2, 50.0]}, "properties": {"risk_percent": 63.7, "risk_category": "medium"}}, {"type": "Feature", "geometry": {"type": "Point", "coordinates": [34.5, 50.0]}, "properties": {"risk_percent": 70.3, "risk_category": "high"}}, {"type": "Feature", "geometry": {"type": "Point", "coordinates": [34.8, 50.0]}, "properties": {"risk_percent": 66.0, "risk_category": "medium"}}, {"type": "Feature", "geometry": {"type": "Point", "coordinates": [35.0, 50.0]}, "properties": {"risk_percent": 64.6, "risk_category": "medium"}}, {"type": "Feature", "geometry": {"type": "Point", "coordinates": [35.2, 50.0]}, "properties": {"risk_percent": 67.2, "risk_category": "high"}}, {"type": "Feature", "geometry": {"type": "Point", "coordinates": [35.5, 50.0]}, "properties": {"risk_percent": 72.9, "risk_category": "high"}}, {"type": "Feature", "geometry": {"type": "Point", "coordinates": [35.8, 50.0]}, "properties": {"risk_percent": 52.1, "risk_category": "medium"}}, {"type": "Feature", "geometry": {"type": "Point", "coordinates": [36.0, 50.0]}, "properties": {"risk_percent": 73.8, "risk_category": "high"}}, {"type": "Feature", "geometry": {"type": "Point", "coordinates": [36.2, 50.0]}, "properties": {"risk_percent": 73.7, "risk_category": "high"}}, {"type": "Feature", "geometry": {"type": "Point", "coordinates": [36.5, 50.0]}, "properties": {"risk_percent": 70.2, "risk_category": "high"}}, {"type": "Feature", "geometry": {"type": "Point", "coordinates": [36.8, 50.0]}, "properties": {"risk_percent": 75.6, "risk_category": "high"}}, {"type": "Feature", "geometry": {"type": "Point", "coordinates": [37.0, 50.0]}, "properties": {"risk_percent": 72.5, "risk_category": "high"}}, {"type": "Feature", "geometry": {"type": "Point", "coordinates": [37.2, 50.0]}, "properties": {"risk_percent": 31.5, "risk_category": "low"}}, {"type": "Feature", "geometry": {"type": "Point", "coordinates": [37.5, 50.0]}, "properties": {"risk_percent": 31.9, "risk_category": "low"}}, {"type": "Feature", "geometry": {"type": "Point", "coordinates": [37.8, 50.0]}, "properties": {"risk_percent": 44.3, "risk_category": "medium"}}, {"type": "Feature", "geometry": {"type": "Point", "coordinates": [38.0, 50.0]}, "properties": {"risk_percent": 33.7, "risk_category": "medium"}}, {"type": "Feature", "geometry": {"type": "Point", "coordinates": [38.2, 50.0]}, "properties": {"risk_percent": 30.7, "risk_category": "low"}}, {"type": "Feature", "geometry": {"type": "Point", "coordinates": [38.5, 50.0]}, "properties": {"risk_percent": 30.2, "risk_category": "low"}}, {"type": "Feature", "geometry": {"type": "Point", "coordinates": [38.8, 50.0]}, "properties": {"risk_percent": 31.4, "risk_category": "low"}}, {"type": "Feature", "geometry": {"type": "Point", "coordinates": [39.0, 50.0]}, "properties": {"risk_percent": 31.4, "risk_category": "low"}}, {"type": "Feature", "geometry": {"type": "Point", "coordinates": [39.2, 50.0]}, "properties": {"risk_percent": 24.9, "risk_category": "low"}}, {"type": "Feature", "geometry": {"type": "Point", "coordinates": [39.5, 50.0]}, "properties": {"risk_percent": 25.4, "risk_category": "low"}}, {"type": "Feature", "geometry": {"type": "Point", "coordinates": [22.0, 50.3]}, "properties": {"risk_percent": 39.6, "risk_category": "medium"}}, {"type": "Feature", "geometry": {"type": "Point", "coordinates": [22.2, 50.3]}, "properties": {"risk_percent": 38.8, "risk_category": "medium"}}, {"type": "Feature", "geometry": {"type": "Point", "coordinates": [22.5, 50.3]}, "properties": {"risk_percent": 42.3, "risk_category": "medium"}}, {"type": "Feature", "geometry": {"type": "Point", "coordinates": [22.8, 50.3]}, "properties": {"risk_percent": 46.1, "risk_category": "medium"}}, {"type": "Feature", "geometry": {"type": "Point", "coordinates": [23.0, 50.3]}, "properties": {"risk_percent": 45.0, "risk_category": "medium"}}, {"type": "Feature", "geometry": {"type": "Point", "coordinates": [23.2, 50.3]}, "properties": {"risk_percent": 50.9, "risk_category": "medium"}}, {"type": "Feature", "geometry": {"type": "Point", "coordinates": [23.5, 50.3]}, "properties": {"risk_percent": 38.3, "risk_category": "medium"}}, {"type": "Feature", "geometry": {"type": "Point", "coordinates": [23.8, 50.3]}, "properties": {"risk_percent": 25.0, "risk_category": "low"}}, {"type": "Feature", "geometry": {"type": "Point", "coordinates": [24.0, 50.3]}, "properties": {"risk_percent": 39.1, "risk_category": "medium"}}, {"type": "Feature", "geometry": {"type": "Point", "coordinates": [24.2, 50.3]}, "properties": {"risk_percent": 30.8, "risk_category": "low"}}, {"type": "Feature", "geometry": {"type": "Point", "coordinates": [24.5, 50.3]}, "properties": {"risk_percent": 32.6, "risk_category": "low"}}, {"type": "Feature", "geometry": {"type": "Point", "coordinates": [24.8, 50.3]}, "properties": {"risk_percent": 34.6, "risk_category": "medium"}}, {"type": "Feature", "geometry": {"type": "Point", "coordinates": [25.0, 50.3]}, "properties": {"risk_percent": 38.2, "risk_category": "medium"}}, {"type": "Feature", "geometry": {"type": "Point", "coordinates": [25.2, 50.3]}, "properties": {"risk_percent": 29.8, "risk_category": "low"}}, {"type": "Feature", "geometry": {"type": "Point", "coordinates": [25.5, 50.3]}, "properties": {"risk_percent": 38.3, "risk_category": "medium"}}, {"type": "Feature", "geometry": {"type": "Point", "coordinates": [25.8, 50.3]}, "properties": {"risk_percent": 43.1, "risk_category": "medium"}}, {"type": "Feature", "geometry": {"type": "Point", "coordinates": [26.0, 50.3]}, "properties": {"risk_percent": 27.3, "risk_category": "low"}}, {"type": "Feature", "geometry": {"type": "Point", "coordinates": [26.2, 50.3]}, "properties": {"risk_percent": 37.6, "risk_category": "medium"}}, {"type": "Feature", "geometry": {"type": "Point", "coordinates": [26.5, 50.3]}, "properties": {"risk_percent": 51.7, "risk_category": "medium"}}, {"type": "Feature", "geometry": {"type": "Point", "coordinates": [26.8, 50.3]}, "properties": {"risk_percent": 44.4, "risk_category": "medium"}}, {"type": "Feature", "geometry": {"type": "Point", "coordinates": [27.0, 50.3]}, "properties": {"risk_percent": 32.0, "risk_category": "low"}}, {"type": "Feature", "geometry": {"type": "Point", "coordinates": [27.2, 50.3]}, "properties": {"risk_percent": 38.3, "risk_category": "medium"}}, {"type": "Feature", "geometry": {"type": "Point", "coordinates": [27.5, 50.3]}, "properties": {"risk_percent": 48.7, "risk_category": "medium"}}, {"type": "Feature", "geometry": {"type": "Point", "coordinates": [27.8, 50.3]}, "properties": {"risk_percent": 37.6, "risk_category": "medium"}}, {"type": "Feature", "geometry": {"type": "Point", "coordinates": [28.0, 50.3]}, "properties": {"risk_percent": 46.0, "risk_category": "medium"}}, {"type": "Feature", "geometry": {"type": "Point", "coordinates": [28.2, 50.3]}, "properties": {"risk_percent": 40.3, "risk_category": "medium"}}, {"type": "Feature", "geometry": {"type": "Point", "coordinates": [28.5, 50.3]}, "properties": {"risk_percent": 38.9, "risk_category": "medium"}}, {"type": "Feature", "geometry": {"type": "Point", "coordinates": [28.8, 50.3]}, "properties": {"risk_percent": 52.1, "risk_category": "medium"}}, {"type": "Feature", "geometry": {"type": "Point", "coordinates": [29.0, 50.3]}, "properties": {"risk_percent": 41.9, "risk_category": "medium"}}, {"type": "Feature", "geometry": {"type": "Point", "coordinates": [29.2, 50.3]}, "properties": {"risk_percent": 57.4, "risk_category": "medium"}}, {"type": "Feature", "geometry": {"type": "Point", "coordinates": [29.5, 50.3]}, "properties": {"risk_percent": 44.8, "risk_category": "medium"}}, {"type": "Feature", "geometry": {"type": "Point", "coordinates": [29.8, 50.3]}, "properties": {"risk_percent": 58.9, "risk_category": "medium"}}, {"type": "Feature", "geometry": {"type": "Point", "coordinates": [30.0, 50.3]}, "properties": {"risk_percent": 79.9, "risk_category": "high"}}, {"type": "Feature", "geometry": {"type": "Point", "coordinates": [30.2, 50.3]}, "properties": {"risk_percent": 80.8, "risk_category": "high"}}, {"type": "Feature", "geometry": {"type": "Point", "coordinates": [30.5, 50.3]}, "properties": {"risk_percent": 84.3, "risk_category": "high"}}, {"type": "Feature", "geometry": {"type": "Point", "coordinates": [30.8, 50.3]}, "properties": {"risk_percent": 83.0, "risk_category": "high"}}, {"type": "Feature", "geometry": {"type": "Point", "coordinates": [31.0, 50.3]}, "properties": {"risk_percent": 73.6, "risk_category": "high"}}, {"type": "Feature", "geometry": {"type": "Point", "coordinates": [31.2, 50.3]}, "properties": {"risk_percent": 84.0, "risk_category": "high"}}, {"type": "Feature", "geometry": {"type": "Point", "coordinates": [31.5, 50.3]}, "properties": {"risk_percent": 77.4, "risk_category": "high"}}, {"type": "Feature", "geometry": {"type": "Point", "coordinates": [31.8, 50.3]}, "properties": {"risk_percent": 83.9, "risk_category": "high"}}, {"type": "Feature", "geometry": {"type": "Point", "coordinates": [32.0, 50.3]}, "properties": {"risk_percent": 66.0, "risk_category": "medium"}}, {"type": "Feature", "geometry": {"type": "Point", "coordinates": [32.2, 50.3]}, "properties": {"risk_percent": 74.6, "risk_category": "high"}}, {"type": "Feature", "geometry": {"type": "Point", "coordinates": [32.5, 50.3]}, "properties": {"risk_percent": 68.2, "risk_category": "high"}}, {"type": "Feature", "geometry": {"type": "Point", "coordinates": [32.8, 50.3]}, "properties": {"risk_percent": 54.3, "risk_category": "medium"}}, {"type": "Feature", "geometry": {"type": "Point", "coordinates": [33.0, 50.3]}, "properties": {"risk_percent": 62.0, "risk_category": "medium"}}, {"type": "Feature", "geometry": {"type": "Point", "coordinates": [33.2, 50.3]}, "properties": {"risk_percent": 63.6, "risk_category": "medium"}}, {"type": "Feature", "geometry": {"type": "Point", "coordinates": [33.5, 50.3]}, "properties": {"risk_percent": 56.9, "risk_category": "medium"}}, {"type": "Feature", "geometry": {"type": "Point", "coordinates": [33.8, 50.3]}, "properties": {"risk_percent": 57.4, "risk_category": "medium"}}, {"type": "Feature", "geometry": {"type": "Point", "coordinates": [34.0, 50.3]}, "properties": {"risk_percent": 67.3, "risk_category": "high"}}, {"type": "Feature", "geometry": {"type": "Point", "coordinates": [34.2, 50.3]}, "properties": {"risk_percent": 57.5, "risk_category": "medium"}}, {"type": "Feature", "geometry": {"type": "Point", "coordinates": [34.5, 50.3]}, "properties": {"risk_percent": 55.2, "risk_category": "medium"}}, {"type": "Feature", "geometry": {"type": "Point", "coordinates": [34.8, 50.3]}, "properties": {"risk_percent": 64.9, "risk_category": "medium"}}, {"type": "Feature", "geometry": {"type": "Point", "coordinates": [35.0, 50.3]}, "properties": {"risk_percent": 63.3, "risk_category": "medium"}}, {"type": "Feature", "geometry": {"type": "Point", "coordinates": [35.2, 50.3]}, "properties": {"risk_percent": 46.2, "risk_category": "medium"}}, {"type": "Feature", "geometry": {"type": "Point", "coordinates": [35.5, 50.3]}, "properties": {"risk_percent": 49.5, "risk_category": "medium"}}, {"type": "Feature", "geometry": {"type": "Point", "coordinates": [35.8, 50.3]}, "properties": {"risk_percent": 39.5, "risk_category": "medium"}}, {"type": "Feature", "geometry": {"type": "Point", "coordinates": [36.0, 50.3]}, "properties": {"risk_percent": 49.9, "risk_category": "medium"}}, {"type": "Feature", "geometry": {"type": "Point", "coordinates": [36.2, 50.3]}, "properties": {"risk_percent": 49.1, "risk_category": "medium"}}, {"type": "Feature", "geometry": {"type": "Point", "coordinates": [36.5, 50.3]}, "properties": {"risk_percent": 53.0, "risk_category": "medium"}}, {"type": "Feature", "geometry": {"type": "Point", "coordinates": [36.8, 50.3]}, "properties": {"risk_percent": 71.3, "risk_category": "high"}}, {"type": "Feature", "geometry": {"type": "Point", "coordinates": [37.0, 50.3]}, "properties": {"risk_percent": 68.5, "risk_category": "high"}}, {"type": "Feature", "geometry": {"type": "Point", "coordinates": [37.2, 50.3]}, "properties": {"risk_percent": 76.0, "risk_category": "high"}}, {"type": "Feature", "geometry": {"type": "Point", "coordinates": [37.5, 50.3]}, "properties": {"risk_percent": 59.7, "risk_category": "medium"}}, {"type": "Feature", "geometry": {"type": "Point", "coordinates": [37.8, 50.3]}, "properties": {"risk_percent": 63.5, "risk_category": "medium"}}, {"type": "Feature", "geometry": {"type": "Point", "coordinates": [38.0, 50.3]}, "properties": {"risk_percent": 49.2, "risk_category": "medium"}}, {"type": "Feature", "geometry": {"type": "Point", "coordinates": [38.2, 50.3]}, "properties": {"risk_percent": 57.3, "risk_category": "medium"}}, {"type": "Feature", "geometry": {"type": "Point", "coordinates": [38.5, 50.3]}, "properties": {"risk_percent": 54.3, "risk_category": "medium"}}, {"type": "Feature", "geometry": {"type": "Point", "coordinates": [38.8, 50.3]}, "properties": {"risk_percent": 40.4, "risk_category": "medium"}}, {"type": "Feature", "geometry": {"type": "Point", "coordinates": [39.0, 50.3]}, "properties": {"risk_percent": 40.7, "risk_category": "medium"}}, {"type": "Feature", "geometry": {"type": "Point", "coordinates": [22.2, 50.6]}, "properties": {"risk_percent": 56.1, "risk_category": "medium"}}, {"type": "Feature", "geometry": {"type": "Point", "coordinates": [22.5, 50.6]}, "properties": {"risk_percent": 47.8, "risk_category": "medium"}}, {"type": "Feature", "geometry": {"type": "Point", "coordinates": [22.8, 50.6]}, "properties": {"risk_percent": 37.4, "risk_category": "medium"}}, {"type": "Feature", "geometry": {"type": "Point", "coordinates": [23.0, 50.6]}, "properties": {"risk_percent": 24.2, "risk_category": "low"}}, {"type": "Feature", "geometry": {"type": "Point", "coordinates": [23.2, 50.6]}, "properties": {"risk_percent": 33.9, "risk_category": "medium"}}, {"type": "Feature", "geometry": {"type": "Point", "coordinates": [23.5, 50.6]}, "properties": {"risk_percent": 25.7, "risk_category": "low"}}, {"type": "Feature", "geometry": {"type": "Point", "coordinates": [23.8, 50.6]}, "properties": {"risk_percent": 21.9, "risk_category": "low"}}, {"type": "Feature", "geometry": {"type": "Point", "coordinates": [24.0, 50.6]}, "properties": {"risk_percent": 24.2, "risk_category": "low"}}, {"type": "Feature", "geometry": {"type": "Point", "coordinates": [24.2, 50.6]}, "properties": {"risk_percent": 38.3, "risk_category": "medium"}}, {"type": "Feature", "geometry": {"type": "Point", "coordinates": [24.5, 50.6]}, "properties": {"risk_percent": 32.2, "risk_category": "low"}}, {"type": "Feature", "geometry": {"type": "Point", "coordinates": [24.8, 50.6]}, "properties": {"risk_percent": 22.5, "risk_category": "low"}}, {"type": "Feature", "geometry": {"type": "Point", "coordinates": [25.0, 50.6]}, "properties": {"risk_percent": 32.5, "risk_category": "low"}}, {"type": "Feature", "geometry": {"type": "Point", "coordinates": [25.2, 50.6]}, "properties": {"risk_percent": 38.2, "risk_category": "medium"}}, {"type": "Feature", "geometry": {"type": "Point", "coordinates": [25.5, 50.6]}, "properties": {"risk_percent": 27.6, "risk_category": "low"}}, {"type": "Feature", "geometry": {"type": "Point", "coordinates": [25.8, 50.6]}, "properties": {"risk_percent": 35.5, "risk_category": "medium"}}, {"type": "Feature", "geometry": {"type": "Point", "coordinates": [26.0, 50.6]}, "properties": {"risk_percent": 49.1, "risk_category": "medium"}}, {"type": "Feature", "geometry": {"type": "Point", "coordinates": [26.2, 50.6]}, "properties": {"risk_percent": 46.8, "risk_category": "medium"}}, {"type": "Feature", "geometry": {"type": "Point", "coordinates": [26.5, 50.6]}, "properties": {"risk_percent": 48.1, "risk_category": "medium"}}, {"type": "Feature", "geometry": {"type": "Point", "coordinates": [26.8, 50.6]}, "properties": {"risk_percent": 36.6, "risk_category": "medium"}}, {"type": "Feature", "geometry": {"type": "Point", "coordinates": [27.0, 50.6]}, "properties": {"risk_percent": 40.1, "risk_category": "medium"}}, {"type": "Feature", "geometry": {"type": "Point", "coordinates": [27.2, 50.6]}, "properties": {"risk_percent": 44.0, "risk_category": "medium"}}, {"type": "Feature", "geometry": {"type": "Point", "coordinates": [27.5, 50.6]}, "properties": {"risk_percent": 41.1, "risk_category": "medium"}}, {"type": "Feature", "geometry": {"type": "Point", "coordinates": [27.8, 50.6]}, "properties": {"risk_percent": 39.5, "risk_category": "medium"}}, {"type": "Feature", "geometry": {"type": "Point", "coordinates": [28.0, 50.6]}, "properties": {"risk_percent": 32.5, "risk_category": "low"}}, {"type": "Feature", "geometry": {"type": "Point", "coordinates": [28.2, 50.6]}, "properties": {"risk_percent": 32.7, "risk_category": "low"}}, {"type": "Feature", "geometry": {"type": "Point", "coordinates": [28.5, 50.6]}, "properties": {"risk_percent": 45.4, "risk_category": "medium"}}, {"type": "Feature", "geometry": {"type": "Point", "coordinates": [28.8, 50.6]}, "properties": {"risk_percent": 48.6, "risk_category": "medium"}}, {"type": "Feature", "geometry": {"type": "Point", "coordinates": [29.0, 50.6]}, "properties": {"risk_percent": 45.6, "risk_category": "medium"}}, {"type": "Feature", "geometry": {"type": "Point", "coordinates": [29.2, 50.6]}, "properties": {"risk_percent": 47.2, "risk_category": "medium"}}, {"type": "Feature", "geometry": {"type": "Point", "coordinates": [29.5, 50.6]}, "properties": {"risk_percent": 69.2, "risk_category": "high"}}, {"type": "Feature", "geometry": {"type": "Point", "coordinates": [29.8, 50.6]}, "properties": {"risk_percent": 67.1, "risk_category": "high"}}, {"type": "Feature", "geometry": {"type": "Point", "coordinates": [30.0, 50.6]}, "properties": {"risk_percent": 76.9, "risk_category": "high"}}, {"type": "Feature", "geometry": {"type": "Point", "coordinates": [30.2, 50.6]}, "properties": {"risk_percent": 63.2, "risk_category": "medium"}}, {"type": "Feature", "geometry": {"type": "Point", "coordinates": [30.5, 50.6]}, "properties": {"risk_percent": 75.2, "risk_category": "high"}}, {"type": "Feature", "geometry": {"type": "Point", "coordinates": [30.8, 50.6]}, "properties": {"risk_percent": 82.2, "risk_category": "high"}}, {"type": "Feature", "geometry": {"type": "Point", "coordinates": [31.0, 50.6]}, "properties": {"risk_percent": 79.3, "risk_category": "high"}}, {"type": "Feature", "geometry": {"type": "Point", "coordinates": [31.2, 50.6]}, "properties": {"risk_percent": 72.1, "risk_category": "high"}}, {"type": "Feature", "geometry": {"type": "Point", "coordinates": [31.5, 50.6]}, "properties": {"risk_percent": 78.6, "risk_category": "high"}}, {"type": "Feature", "geometry": {"type": "Point", "coordinates": [31.8, 50.6]}, "properties": {"risk_percent": 62.6, "risk_category": "medium"}}, {"type": "Feature", "geometry": {"type": "Point", "coordinates": [32.0, 50.6]}, "properties": {"risk_percent": 58.4, "risk_category": "medium"}}, {"type": "Feature", "geometry": {"type": "Point", "coordinates": [32.2, 50.6]}, "properties": {"risk_percent": 58.3, "risk_category": "medium"}}, {"type": "Feature", "geometry": {"type": "Point", "coordinates": [32.5, 50.6]}, "properties": {"risk_percent": 71.7, "risk_category": "high"}}, {"type": "Feature", "geometry": {"type": "Point", "coordinates": [32.8, 50.6]}, "properties": {"risk_percent": 61.2, "risk_category": "medium"}}, {"type": "Feature", "geometry": {"type": "Point", "coordinates": [33.0, 50.6]}, "properties": {"risk_percent": 45.7, "risk_category": "medium"}}, {"type": "Feature", "geometry": {"type": "Point", "coordinates": [33.2, 50.6]}, "properties": {"risk_percent": 42.4, "risk_category": "medium"}}, {"type": "Feature", "geometry": {"type": "Point", "coordinates": [33.5, 50.6]}, "properties": {"risk_percent": 55.0, "risk_category": "medium"}}, {"type": "Feature", "geometry": {"type": "Point", "coordinates": [33.8, 50.6]}, "properties": {"risk_percent": 51.1, "risk_category": "medium"}}, {"type": "Feature", "geometry": {"type": "Point", "coordinates": [34.0, 50.6]}, "properties": {"risk_percent": 38.4, "risk_category": "medium"}}, {"type": "Feature", "geometry": {"type": "Point", "coordinates": [34.2, 50.6]}, "properties": {"risk_percent": 55.9, "risk_category": "medium"}}, {"type": "Feature", "geometry": {"type": "Point", "coordinates": [34.5, 50.6]}, "properties": {"risk_percent": 55.1, "risk_category": "medium"}}, {"type": "Feature", "geometry": {"type": "Point", "coordinates": [34.8, 50.6]}, "properties": {"risk_percent": 41.0, "risk_category": "medium"}}, {"type": "Feature", "geometry": {"type": "Point", "coordinates": [35.0, 50.6]}, "properties": {"risk_percent": 28.0, "risk_category": "low"}}, {"type": "Feature", "geometry": {"type": "Point", "coordinates": [35.2, 50.6]}, "properties": {"risk_percent": 47.3, "risk_category": "medium"}}, {"type": "Feature", "geometry": {"type": "Point", "coordinates": [35.5, 50.6]}, "properties": {"risk_percent": 49.9, "risk_category": "medium"}}, {"type": "Feature", "geometry": {"type": "Point", "coordinates": [35.8, 50.6]}, "properties": {"risk_percent": 46.7, "risk_category": "medium"}}, {"type": "Feature", "geometry": {"type": "Point", "coordinates": [36.0, 50.6]}, "properties": {"risk_percent": 45.7, "risk_category": "medium"}}, {"type": "Feature", "geometry": {"type": "Point", "coordinates": [36.2, 50.6]}, "properties": {"risk_percent": 26.7, "risk_category": "low"}}, {"type": "Feature", "geometry": {"type": "Point", "coordinates": [36.5, 50.6]}, "properties": {"risk_percent": 41.6, "risk_category": "medium"}}, {"type": "Feature", "geometry": {"type": "Point", "coordinates": [36.8, 50.6]}, "properties": {"risk_percent": 42.4, "risk_category": "medium"}}, {"type": "Feature", "geometry": {"type": "Point", "coordinates": [37.0, 50.6]}, "properties": {"risk_percent": 41.3, "risk_category": "medium"}}, {"type": "Feature", "geometry": {"type": "Point", "coordinates": [37.2, 50.6]}, "properties": {"risk_percent": 43.2, "risk_category": "medium"}}, {"type": "Feature", "geometry": {"type": "Point", "coordinates": [37.5, 50.6]}, "properties": {"risk_percent": 43.4, "risk_category": "medium"}}, {"type": "Feature", "geometry": {"type": "Point", "coordinates": [37.8, 50.6]}, "properties": {"risk_percent": 67.3, "risk_category": "high"}}, {"type": "Feature", "geometry": {"type": "Point", "coordinates": [38.0, 50.6]}, "properties": {"risk_percent": 51.7, "risk_category": "medium"}}, {"type": "Feature", "geometry": {"type": "Point", "coordinates": [38.2, 50.6]}, "properties": {"risk_percent": 48.4, "risk_category": "medium"}}, {"type": "Feature", "geometry": {"type": "Point", "coordinates": [22.2, 50.8]}, "properties": {"risk_percent": 31.8, "risk_category": "low"}}, {"type": "Feature", "geometry": {"type": "Point", "coordinates": [22.5, 50.8]}, "properties": {"risk_percent": 31.4, "risk_category": "low"}}, {"type": "Feature", "geometry": {"type": "Point", "coordinates": [22.8, 50.8]}, "properties": {"risk_percent": 21.2, "risk_category": "low"}}, {"type": "Feature", "geometry": {"type": "Point", "coordinates": [23.0, 50.8]}, "properties": {"risk_percent": 18.8, "risk_category": "low"}}, {"type": "Feature", "geometry": {"type": "Point", "coordinates": [23.2, 50.8]}, "properties": {"risk_percent": 15.2, "risk_category": "low"}}, {"type": "Feature", "geometry": {"type": "Point", "coordinates": [23.5, 50.8]}, "properties": {"risk_percent": 21.3, "risk_category": "low"}}, {"type": "Feature", "geometry": {"type": "Point", "coordinates": [23.8, 50.8]}, "properties": {"risk_percent": 23.1, "risk_category": "low"}}, {"type": "Feature", "geometry": {"type": "Point", "coordinates": [24.0, 50.8]}, "properties": {"risk_percent": 27.6, "risk_category": "low"}}, {"type": "Feature", "geometry": {"type": "Point", "coordinates": [24.2, 50.8]}, "properties": {"risk_percent": 23.8, "risk_category": "low"}}, {"type": "Feature", "geometry": {"type": "Point", "coordinates": [24.5, 50.8]}, "properties": {"risk_percent": 36.1, "risk_category": "medium"}}, {"type": "Feature", "geometry": {"type": "Point", "coordinates": [24.8, 50.8]}, "properties": {"risk_percent": 39.6, "risk_category": "medium"}}, {"type": "Feature", "geometry": {"type": "Point", "coordinates": [25.0, 50.8]}, "properties": {"risk_percent": 28.6, "risk_category": "low"}}, {"type": "Feature", "geometry": {"type": "Point", "coordinates": [25.2, 50.8]}, "properties": {"risk_percent": 41.6, "risk_category": "medium"}}, {"type": "Feature", "geometry": {"type": "Point", "coordinates": [25.5, 50.8]}, "properties": {"risk_percent": 54.6, "risk_category": "medium"}}, {"type": "Feature", "geometry": {"type": "Point", "coordinates": [25.8, 50.8]}, "properties": {"risk_percent": 46.5, "risk_category": "medium"}}, {"type": "Feature", "geometry": {"type": "Point", "coordinates": [26.0, 50.8]}, "properties": {"risk_percent": 48.3, "risk_category": "medium"}}, {"type": "Feature", "geometry": {"type": "Point", "coordinates": [26.2, 50.8]}, "properties": {"risk_percent": 34.8, "risk_category": "medium"}}, {"type": "Feature", "geometry": {"type": "Point", "coordinates": [26.5, 50.8]}, "properties": {"risk_percent": 41.2, "risk_category": "medium"}}, {"type": "Feature", "geometry": {"type": "Point", "coordinates": [26.8, 50.8]}, "properties": {"risk_percent": 23.9, "risk_category": "low"}}, {"type": "Feature", "geometry": {"type": "Point", "coordinates": [27.0, 50.8]}, "properties": {"risk_percent": 33.1, "risk_category": "medium"}}, {"type": "Feature", "geometry": {"type": "Point", "coordinates": [27.2, 50.8]}, "properties": {"risk_percent": 31.4, "risk_category": "low"}}, {"type": "Feature", "geometry": {"type": "Point", "coordinates": [27.5, 50.8]}, "properties": {"risk_percent": 43.8, "risk_category": "medium"}}, {"type": "Feature", "geometry": {"type": "Point", "coordinates": [27.8, 50.8]}, "properties": {"risk_percent": 41.8, "risk_category": "medium"}}, {"type": "Feature", "geometry": {"type": "Point", "coordinates": [28.0, 50.8]}, "properties": {"risk_percent": 42.4, "risk_category": "medium"}}, {"type": "Feature", "geometry": {"type": "Point", "coordinates": [28.2, 50.8]}, "properties": {"risk_percent": 28.3, "risk_category": "low"}}, {"type": "Feature", "geometry": {"type": "Point", "coordinates": [28.5, 50.8]}, "properties": {"risk_percent": 33.1, "risk_category": "medium"}}, {"type": "Feature", "geometry": {"type": "Point", "coordinates": [28.8, 50.8]}, "properties": {"risk_percent": 51.4, "risk_category": "medium"}}, {"type": "Feature", "geometry": {"type": "Point", "coordinates": [29.0, 50.8]}, "properties": {"risk_percent": 42.4, "risk_category": "medium"}}, {"type": "Feature", "geometry": {"type": "Point", "coordinates": [29.2, 50.8]}, "properties": {"risk_percent": 48.9, "risk_category": "medium"}}, {"type": "Feature", "geometry": {"type": "Point", "coordinates": [29.5, 50.8]}, "properties": {"risk_percent": 66.2, "risk_category": "high"}}, {"type": "Feature", "geometry": {"type": "Point", "coordinates": [29.8, 50.8]}, "properties": {"risk_percent": 67.0, "risk_category": "high"}}, {"type": "Feature", "geometry": {"type": "Point", "coordinates": [30.0, 50.8]}, "properties": {"risk_percent": 60.8, "risk_category": "medium"}}, {"type": "Feature", "geometry": {"type": "Point", "coordinates": [30.2, 50.8]}, "properties": {"risk_percent": 84.3, "risk_category": "high"}}, {"type": "Feature", "geometry": {"type": "Point", "coordinates": [30.5, 50.8]}, "properties": {"risk_percent": 80.8, "risk_category": "high"}}, {"type": "Feature", "geometry": {"type": "Point", "coordinates": [30.8, 50.8]}, "properties": {"risk_percent": 76.0, "risk_category": "high"}}, {"type": "Feature", "geometry": {"type": "Point", "coordinates": [31.0, 50.8]}, "properties": {"risk_percent": 70.0, "risk_category": "high"}}, {"type": "Feature", "geometry": {"type": "Point", "coordinates": [31.2, 50.8]}, "properties": {"risk_percent": 70.7, "risk_category": "high"}}, {"type": "Feature", "geometry": {"type": "Point", "coordinates": [31.5, 50.8]}, "properties": {"risk_percent": 62.5, "risk_category": "medium"}}, {"type": "Feature", "geometry": {"type": "Point", "coordinates": [31.8, 50.8]}, "properties": {"risk_percent": 55.9, "risk_category": "medium"}}, {"type": "Feature", "geometry": {"type": "Point", "coordinates": [32.0, 50.8]}, "properties": {"risk_percent": 63.2, "risk_category": "medium"}}, {"type": "Feature", "geometry": {"type": "Point", "coordinates": [32.2, 50.8]}, "properties": {"risk_percent": 49.4, "risk_category": "medium"}}, {"type": "Feature", "geometry": {"type": "Point", "coordinates": [32.5, 50.8]}, "properties": {"risk_percent": 27.8, "risk_category": "low"}}, {"type": "Feature", "geometry": {"type": "Point", "coordinates": [32.8, 50.8]}, "properties": {"risk_percent": 54.5, "risk_category": "medium"}}, {"type": "Feature", "geometry": {"type": "Point", "coordinates": [33.0, 50.8]}, "properties": {"risk_percent": 46.5, "risk_category": "medium"}}, {"type": "Feature", "geometry": {"type": "Point", "coordinates": [33.2, 50.8]}, "properties": {"risk_percent": 39.9, "risk_category": "medium"}}, {"type": "Feature", "geometry": {"type": "Point", "coordinates": [33.5, 50.8]}, "properties": {"risk_percent": 51.8, "risk_category": "medium"}}, {"type": "Feature", "geometry": {"type": "Point", "coordinates": [33.8, 50.8]}, "properties": {"risk_percent": 37.6, "risk_category": "medium"}}, {"type": "Feature", "geometry": {"type": "Point", "coordinates": [34.0, 50.8]}, "properties": {"risk_percent": 35.2, "risk_category": "medium"}}, {"type": "Feature", "geometry": {"type": "Point", "coordinates": [34.2, 50.8]}, "properties": {"risk_percent": 34.8, "risk_category": "medium"}}, {"type": "Feature", "geometry": {"type": "Point", "coordinates": [34.5, 50.8]}, "properties": {"risk_percent": 30.8, "risk_category": "low"}}, {"type": "Feature", "geometry": {"type": "Point", "coordinates": [34.8, 50.8]}, "properties": {"risk_percent": 44.6, "risk_category": "medium"}}, {"type": "Feature", "geometry": {"type": "Point", "coordinates": [35.0, 50.8]}, "properties": {"risk_percent": 41.7, "risk_category": "medium"}}, {"type": "Feature", "geometry": {"type": "Point", "coordinates": [35.2, 50.8]}, "properties": {"risk_percent": 27.0, "risk_category": "low"}}, {"type": "Feature", "geometry": {"type": "Point", "coordinates": [35.5, 50.8]}, "properties": {"risk_percent": 24.2, "risk_category": "low"}}, {"type": "Feature", "geometry": {"type": "Point", "coordinates": [35.8, 50.8]}, "properties": {"risk_percent": 33.6, "risk_category": "medium"}}, {"type": "Feature", "geometry": {"type": "Point", "coordinates": [36.0, 50.8]}, "properties": {"risk_percent": 24.7, "risk_category": "low"}}, {"type": "Feature", "geometry": {"type": "Point", "coordinates": [36.2, 50.8]}, "properties": {"risk_percent": 14.8, "risk_category": "low"}}, {"type": "Feature", "geometry": {"type": "Point", "coordinates": [36.5, 50.8]}, "properties": {"risk_percent": 24.5, "risk_category": "low"}}, {"type": "Feature", "geometry": {"type": "Point", "coordinates": [36.8, 50.8]}, "properties": {"risk_percent": 40.5, "risk_category": "medium"}}, {"type": "Feature", "geometry": {"type": "Point", "coordinates": [37.0, 50.8]}, "properties": {"risk_percent": 22.1, "risk_category": "low"}}, {"type": "Feature", "geometry": {"type": "Point", "coordinates": [37.2, 50.8]}, "properties": {"risk_percent": 30.3, "risk_category": "low"}}, {"type": "Feature", "geometry": {"type": "Point", "coordinates": [37.5, 50.8]}, "properties": {"risk_percent": 42.1, "risk_category": "medium"}}, {"type": "Feature", "geometry": {"type": "Point", "coordinates": [37.8, 50.8]}, "properties": {"risk_percent": 46.1, "risk_category": "medium"}}, {"type": "Feature", "geometry": {"type": "Point", "coordinates": [38.0, 50.8]}, "properties": {"risk_percent": 44.2, "risk_category": "medium"}}, {"type": "Feature", "geometry": {"type": "Point", "coordinates": [22.5, 51.0]}, "properties": {"risk_percent": 22.5, "risk_category": "low"}}, {"type": "Feature", "geometry": {"type": "Point", "coordinates": [22.8, 51.0]}, "properties": {"risk_percent": 21.0, "risk_category": "low"}}, {"type": "Feature", "geometry": {"type": "Point", "coordinates": [23.0, 51.0]}, "properties": {"risk_percent": 20.5, "risk_category": "low"}}, {"type": "Feature", "geometry": {"type": "Point", "coordinates": [23.2, 51.0]}, "properties": {"risk_percent": 25.1, "risk_category": "low"}}, {"type": "Feature", "geometry": {"type": "Point", "coordinates": [23.5, 51.0]}, "properties": {"risk_percent": 21.4, "risk_category": "low"}}, {"type": "Feature", "geometry": {"type": "Point", "coordinates": [23.8, 51.0]}, "properties": {"risk_percent": 34.5, "risk_category": "medium"}}, {"type": "Feature", "geometry": {"type": "Point", "coordinates": [24.0, 51.0]}, "properties": {"risk_percent": 30.9, "risk_category": "low"}}, {"type": "Feature", "geometry": {"type": "Point", "coordinates": [24.2, 51.0]}, "properties": {"risk_percent": 45.9, "risk_category": "medium"}}, {"type": "Feature", "geometry": {"type": "Point", "coordinates": [24.5, 51.0]}, "properties": {"risk_percent": 45.3, "risk_category": "medium"}}, {"type": "Feature", "geometry": {"type": "Point", "coordinates": [24.8, 51.0]}, "properties": {"risk_percent": 23.2, "risk_category": "low"}}, {"type": "Feature", "geometry": {"type": "Point", "coordinates": [25.0, 51.0]}, "properties": {"risk_percent": 33.3, "risk_category": "medium"}}, {"type": "Feature", "geometry": {"type": "Point", "coordinates": [25.2, 51.0]}, "properties": {"risk_percent": 34.9, "risk_category": "medium"}}, {"type": "Feature", "geometry": {"type": "Point", "coordinates": [25.5, 51.0]}, "properties": {"risk_percent": 35.9, "risk_category": "medium"}}, {"type": "Feature", "geometry": {"type": "Point", "coordinates": [25.8, 51.0]}, "properties": {"risk_percent": 33.2, "risk_category": "medium"}}, {"type": "Feature", "geometry": {"type": "Point", "coordinates": [26.0, 51.0]}, "properties": {"risk_percent": 34.2, "risk_category": "medium"}}, {"type": "Feature", "geometry": {"type": "Point", "coordinates": [26.2, 51.0]}, "properties": {"risk_percent": 33.6, "risk_category": "medium"}}, {"type": "Feature", "geometry": {"type": "Point", "coordinates": [26.5, 51.0]}, "properties": {"risk_percent": 32.8, "risk_category": "low"}}, {"type": "Feature", "geometry": {"type": "Point", "coordinates": [26.8, 51.0]}, "properties": {"risk_percent": 47.3, "risk_category": "medium"}}, {"type": "Feature", "geometry": {"type": "Point", "coordinates": [27.0, 51.0]}, "properties": {"risk_percent": 31.6, "risk_category": "low"}}, {"type": "Feature", "geometry": {"type": "Point", "coordinates": [27.2, 51.0]}, "properties": {"risk_percent": 32.6, "risk_category": "low"}}, {"type": "Feature", "geometry": {"type": "Point", "coordinates": [27.5, 51.0]}, "properties": {"risk_percent": 51.7, "risk_category": "medium"}}, {"type": "Feature", "geometry": {"type": "Point", "coordinates": [27.8, 51.0]}, "properties": {"risk_percent": 47.3, "risk_category": "medium"}}, {"type": "Feature", "geometry": {"type": "Point", "coordinates": [28.0, 51.0]}, "properties": {"risk_percent": 40.3, "risk_category": "medium"}}, {"type": "Feature", "geometry": {"type": "Point", "coordinates": [28.2, 51.0]}, "properties": {"risk_percent": 28.0, "risk_category": "low"}}, {"type": "Feature", "geometry": {"type": "Point", "coordinates": [28.5, 51.0]}, "properties": {"risk_percent": 32.9, "risk_category": "low"}}, {"type": "Feature", "geometry": {"type": "Point", "coordinates": [28.8, 51.0]}, "properties": {"risk_percent": 49.8, "risk_category": "medium"}}, {"type": "Feature", "geometry": {"type": "Point", "coordinates": [29.0, 51.0]}, "properties": {"risk_percent": 44.3, "risk_category": "medium"}}, {"type": "Feature", "geometry": {"type": "Point", "coordinates": [29.2, 51.0]}, "properties": {"risk_percent": 42.6, "risk_category": "medium"}}, {"type": "Feature", "geometry": {"type": "Point", "coordinates": [29.5, 51.0]}, "properties": {"risk_percent": 43.8, "risk_category": "medium"}}, {"type": "Feature", "geometry": {"type": "Point", "coordinates": [29.8, 51.0]}, "properties": {"risk_percent": 59.6, "risk_category": "medium"}}, {"type": "Feature", "geometry": {"type": "Point", "coordinates": [30.0, 51.0]}, "properties": {"risk_percent": 63.8, "risk_category": "medium"}}, {"type": "Feature", "geometry": {"type": "Point", "coordinates": [30.2, 51.0]}, "properties": {"risk_percent": 78.6, "risk_category": "high"}}, {"type": "Feature", "geometry": {"type": "Point", "coordinates": [30.5, 51.0]}, "properties": {"risk_percent": 67.8, "risk_category": "high"}}, {"type": "Feature", "geometry": {"type": "Point", "coordinates": [30.8, 51.0]}, "properties": {"risk_percent": 75.8, "risk_category": "high"}}, {"type": "Feature", "geometry": {"type": "Point", "coordinates": [31.0, 51.0]}, "properties": {"risk_percent": 67.5, "risk_category": "high"}}, {"type": "Feature", "geometry": {"type": "Point", "coordinates": [31.2, 51.0]}, "properties": {"risk_percent": 68.5, "risk_category": "high"}}, {"type": "Feature", "geometry": {"type": "Point", "coordinates": [31.5, 51.0]}, "properties": {"risk_percent": 66.9, "risk_category": "high"}}, {"type": "Feature", "geometry": {"type": "Point", "coordinates": [31.8, 51.0]}, "properties": {"risk_percent": 64.8, "risk_category": "medium"}}, {"type": "Feature", "geometry": {"type": "Point", "coordinates": [32.0, 51.0]}, "properties": {"risk_percent": 59.3, "risk_category": "medium"}}, {"type": "Feature", "geometry": {"type": "Point", "coordinates": [32.2, 51.0]}, "properties": {"risk_percent": 49.5, "risk_category": "medium"}}, {"type": "Feature", "geometry": {"type": "Point", "coordinates": [32.5, 51.0]}, "properties": {"risk_percent": 41.8, "risk_category": "medium"}}, {"type": "Feature", "geometry": {"type": "Point", "coordinates": [32.8, 51.0]}, "properties": {"risk_percent": 41.9, "risk_category": "medium"}}, {"type": "Feature", "geometry": {"type": "Point", "coordinates": [33.0, 51.0]}, "properties": {"risk_percent": 53.5, "risk_category": "medium"}}, {"type": "Feature", "geometry": {"type": "Point", "coordinates": [33.2, 51.0]}, "properties": {"risk_percent": 38.3, "risk_category": "medium"}}, {"type": "Feature", "geometry": {"type": "Point", "coordinates": [33.5, 51.0]}, "properties": {"risk_percent": 43.5, "risk_category": "medium"}}, {"type": "Feature", "geometry": {"type": "Point", "coordinates": [33.8, 51.0]}, "properties": {"risk_percent": 44.1, "risk_category": "medium"}}, {"type": "Feature", "geometry": {"type": "Point", "coordinates": [34.0, 51.0]}, "properties": {"risk_percent": 47.9, "risk_category": "medium"}}, {"type": "Feature", "geometry": {"type": "Point", "coordinates": [34.2, 51.0]}, "properties": {"risk_percent": 44.6, "risk_category": "medium"}}, {"type": "Feature", "geometry": {"type": "Point", "coordinates": [34.5, 51.0]}, "properties": {"risk_percent": 48.1, "risk_category": "medium"}}, {"type": "Feature", "geometry": {"type": "Point", "coordinates": [34.8, 51.0]}, "properties": {"risk_percent": 48.9, "risk_category": "medium"}}, {"type": "Feature", "geometry": {"type": "Point", "coordinates": [35.0, 51.0]}, "properties": {"risk_percent": 52.2, "risk_category": "medium"}}, {"type": "Feature", "geometry": {"type": "Point", "coordinates": [35.2, 51.0]}, "properties": {"risk_percent": 40.6, "risk_category": "medium"}}, {"type": "Feature", "geometry": {"type": "Point", "coordinates": [35.5, 51.0]}, "properties": {"risk_percent": 18.4, "risk_category": "low"}}, {"type": "Feature", "geometry": {"type": "Point", "coordinates": [35.8, 51.0]}, "properties": {"risk_percent": 23.9, "risk_category": "low"}}, {"type": "Feature", "geometry": {"type": "Point", "coordinates": [36.0, 51.0]}, "properties": {"risk_percent": 24.8, "risk_category": "low"}}, {"type": "Feature", "geometry": {"type": "Point", "coordinates": [36.2, 51.0]}, "properties": {"risk_percent": 12.7, "risk_category": "low"}}, {"type": "Feature", "geometry": {"type": "Point", "coordinates": [36.5, 51.0]}, "properties": {"risk_percent": 15.1, "risk_category": "low"}}, {"type": "Feature", "geometry": {"type": "Point", "coordinates": [36.8, 51.0]}, "properties": {"risk_percent": 21.0, "risk_category": "low"}}, {"type": "Feature", "geometry": {"type": "Point", "coordinates": [37.0, 51.0]}, "properties": {"risk_percent": 14.4, "risk_category": "low"}}, {"type": "Feature", "geometry": {"type": "Point", "coordinates": [37.2, 51.0]}, "properties": {"risk_percent": 14.4, "risk_category": "low"}}, {"type": "Feature", "geometry": {"type": "Point", "coordinates": [37.5, 51.0]}, "properties": {"risk_percent": 22.6, "risk_category": "low"}}, {"type": "Feature", "geometry": {"type": "Point", "coordinates": [22.5, 51.3]}, "properties": {"risk_percent": 28.9, "risk_category": "low"}}, {"type": "Feature", "geometry": {"type": "Point", "coordinates": [22.8, 51.3]}, "properties": {"risk_percent": 30.3, "risk_category": "low"}}, {"type": "Feature", "geometry": {"type": "Point", "coordinates": [23.0, 51.3]}, "properties": {"risk_percent": 31.1, "risk_category": "low"}}, {"type": "Feature", "geometry": {"type": "Point", "coordinates": [23.2, 51.3]}, "properties": {"risk_percent": 36.1, "risk_category": "medium"}}, {"type": "Feature", "geometry": {"type": "Point", "coordinates": [23.5, 51.3]}, "properties": {"risk_percent": 34.6, "risk_category": "medium"}}, {"type": "Feature", "geometry": {"type": "Point", "coordinates": [23.8, 51.3]}, "properties": {"risk_percent": 41.2, "risk_category": "medium"}}, {"type": "Feature", "geometry": {"type": "Point", "coordinates": [24.0, 51.3]}, "properties": {"risk_percent": 29.3, "risk_category": "low"}}, {"type": "Feature", "geometry": {"type": "Point", "coordinates": [24.2, 51.3]}, "properties": {"risk_percent": 28.6, "risk_category": "low"}}, {"type": "Feature", "geometry": {"type": "Point", "coordinates": [24.5, 51.3]}, "properties": {"risk_percent": 14.3, "risk_category": "low"}}, {"type": "Feature", "geometry": {"type": "Point", "coordinates": [24.8, 51.3]}, "properties": {"risk_percent": 39.2, "risk_category": "medium"}}, {"type": "Feature", "geometry": {"type": "Point", "coordinates": [25.0, 51.3]}, "properties": {"risk_percent": 35.2, "risk_category": "medium"}}, {"type": "Feature", "geometry": {"type": "Point", "coordinates": [25.2, 51.3]}, "properties": {"risk_percent": 34.4, "risk_category": "medium"}}, {"type": "Feature", "geometry": {"type": "Point", "coordinates": [25.5, 51.3]}, "properties": {"risk_percent": 33.6, "risk_category": "medium"}}, {"type": "Feature", "geometry": {"type": "Point", "coordinates": [25.8, 51.3]}, "properties": {"risk_percent": 34.4, "risk_category": "medium"}}, {"type": "Feature", "geometry": {"type": "Point", "coordinates": [26.0, 51.3]}, "properties": {"risk_percent": 36.7, "risk_category": "medium"}}, {"type": "Feature", "geometry": {"type": "Point", "coordinates": [26.2, 51.3]}, "properties": {"risk_percent": 23.7, "risk_category": "low"}}, {"type": "Feature", "geometry": {"type": "Point", "coordinates": [26.5, 51.3]}, "properties": {"risk_percent": 25.9, "risk_category": "low"}}, {"type": "Feature", "geometry": {"type": "Point", "coordinates": [26.8, 51.3]}, "properties": {"risk_percent": 25.6, "risk_category": "low"}}, {"type": "Feature", "geometry": {"type": "Point", "coordinates": [27.0, 51.3]}, "properties": {"risk_percent": 36.1, "risk_category": "medium"}}, {"type": "Feature", "geometry": {"type": "Point", "coordinates": [27.2, 51.3]}, "properties": {"risk_percent": 36.2, "risk_category": "medium"}}, {"type": "Feature", "geometry": {"type": "Point", "coordinates": [27.5, 51.3]}, "properties": {"risk_percent": 38.8, "risk_category": "medium"}}, {"type": "Feature", "geometry": {"type": "Point", "coordinates": [27.8, 51.3]}, "properties": {"risk_percent": 49.0, "risk_category": "medium"}}, {"type": "Feature", "geometry": {"type": "Point", "coordinates": [28.0, 51.3]}, "properties": {"risk_percent": 42.4, "risk_category": "medium"}}, {"type": "Feature", "geometry": {"type": "Point", "coordinates": [28.2, 51.3]}, "properties": {"risk_percent": 32.1, "risk_category": "low"}}, {"type": "Feature", "geometry": {"type": "Point", "coordinates": [28.5, 51.3]}, "properties": {"risk_percent": 37.5, "risk_category": "medium"}}, {"type": "Feature", "geometry": {"type": "Point", "coordinates": [28.8, 51.3]}, "properties": {"risk_percent": 62.8, "risk_category": "medium"}}, {"type": "Feature", "geometry": {"type": "Point", "coordinates": [29.0, 51.3]}, "properties": {"risk_percent": 64.6, "risk_category": "medium"}}, {"type": "Feature", "geometry": {"type": "Point", "coordinates": [29.2, 51.3]}, "properties": {"risk_percent": 39.3, "risk_category": "medium"}}, {"type": "Feature", "geometry": {"type": "Point", "coordinates": [29.5, 51.3]}, "properties": {"risk_percent": 50.4, "risk_category": "medium"}}, {"type": "Feature", "geometry": {"type": "Point", "coordinates": [29.8, 51.3]}, "properties": {"risk_percent": 59.2, "risk_category": "medium"}}, {"type": "Feature", "geometry": {"type": "Point", "coordinates": [30.0, 51.3]}, "properties": {"risk_percent": 61.6, "risk_category": "medium"}}, {"type": "Feature", "geometry": {"type": "Point", "coordinates": [30.2, 51.3]}, "properties": {"risk_percent": 67.8, "risk_category": "high"}}, {"type": "Feature", "geometry": {"type": "Point", "coordinates": [30.5, 51.3]}, "properties": {"risk_percent": 56.8, "risk_category": "medium"}}, {"type": "Feature", "geometry": {"type": "Point", "coordinates": [30.8, 51.3]}, "properties": {"risk_percent": 50.7, "risk_category": "medium"}}, {"type": "Feature", "geometry": {"type": "Point", "coordinates": [31.0, 51.3]}, "properties": {"risk_percent": 57.6, "risk_category": "medium"}}, {"type": "Feature", "geometry": {"type": "Point", "coordinates": [31.2, 51.3]}, "properties": {"risk_percent": 64.9, "risk_category": "medium"}}, {"type": "Feature", "geometry": {"type": "Point", "coordinates": [31.5, 51.3]}, "properties": {"risk_percent": 42.1, "risk_category": "medium"}}, {"type": "Feature", "geometry": {"type": "Point", "coordinates": [31.8, 51.3]}, "properties": {"risk_percent": 45.4, "risk_category": "medium"}}, {"type": "Feature", "geometry": {"type": "Point", "coordinates": [32.0, 51.3]}, "properties": {"risk_percent": 47.7, "risk_category": "medium"}}, {"type": "Feature", "geometry": {"type": "Point", "coordinates": [32.2, 51.3]}, "properties": {"risk_percent": 44.5, "risk_category": "medium"}}, {"type": "Feature", "geometry": {"type": "Point", "coordinates": [32.5, 51.3]}, "properties": {"risk_percent": 42.4, "risk_category": "medium"}}, {"type": "Feature", "geometry": {"type": "Point", "coordinates": [32.8, 51.3]}, "properties": {"risk_percent": 44.4, "risk_category": "medium"}}, {"type": "Feature", "geometry": {"type": "Point", "coordinates": [33.0, 51.3]}, "properties": {"risk_percent": 50.4, "risk_category": "medium"}}, {"type": "Feature", "geometry": {"type": "Point", "coordinates": [33.2, 51.3]}, "properties": {"risk_percent": 52.9, "risk_category": "medium"}}, {"type": "Feature", "geometry": {"type": "Point", "coordinates": [33.5, 51.3]}, "properties": {"risk_percent": 55.9, "risk_category": "medium"}}, {"type": "Feature", "geometry": {"type": "Point", "coordinates": [33.8, 51.3]}, "properties": {"risk_percent": 58.1, "risk_category": "medium"}}, {"type": "Feature", "geometry": {"type": "Point", "coordinates": [34.0, 51.3]}, "properties": {"risk_percent": 36.3, "risk_category": "medium"}}, {"type": "Feature", "geometry": {"type": "Point", "coordinates": [34.2, 51.3]}, "properties": {"risk_percent": 44.7, "risk_category": "medium"}}, {"type": "Feature", "geometry": {"type": "Point", "coordinates": [34.5, 51.3]}, "properties": {"risk_percent": 43.2, "risk_category": "medium"}}, {"type": "Feature", "geometry": {"type": "Point", "coordinates": [34.8, 51.3]}, "properties": {"risk_percent": 43.2, "risk_category": "medium"}}, {"type": "Feature", "geometry": {"type": "Point", "coordinates": [35.0, 51.3]}, "properties": {"risk_percent": 38.8, "risk_category": "medium"}}, {"type": "Feature", "geometry": {"type": "Point", "coordinates": [35.2, 51.3]}, "properties": {"risk_percent": 23.6, "risk_category": "low"}}, {"type": "Feature", "geometry": {"type": "Point", "coordinates": [35.5, 51.3]}, "properties": {"risk_percent": 29.0, "risk_category": "low"}}, {"type": "Feature", "geometry": {"type": "Point", "coordinates": [35.8, 51.3]}, "properties": {"risk_percent": 27.1, "risk_category": "low"}}, {"type": "Feature", "geometry": {"type": "Point", "coordinates": [36.0, 51.3]}, "properties": {"risk_percent": 19.6, "risk_category": "low"}}, {"type": "Feature", "geometry": {"type": "Point", "coordinates": [36.2, 51.3]}, "properties": {"risk_percent": 17.3, "risk_category": "low"}}, {"type": "Feature", "geometry": {"type": "Point", "coordinates": [36.5, 51.3]}, "properties": {"risk_percent": 19.4, "risk_category": "low"}}, {"type": "Feature", "geometry": {"type": "Point", "coordinates": [36.8, 51.3]}, "properties": {"risk_percent": 14.2, "risk_category": "low"}}, {"type": "Feature", "geometry": {"type": "Point", "coordinates": [37.0, 51.3]}, "properties": {"risk_percent": 10.7, "risk_category": "low"}}, {"type": "Feature", "geometry": {"type": "Point", "coordinates": [22.8, 51.6]}, "properties": {"risk_percent": 38.5, "risk_category": "medium"}}, {"type": "Feature", "geometry": {"type": "Point", "coordinates": [23.0, 51.6]}, "properties": {"risk_percent": 35.0, "risk_category": "medium"}}, {"type": "Feature", "geometry": {"type": "Point", "coordinates": [23.2, 51.6]}, "properties": {"risk_percent": 40.0, "risk_category": "medium"}}, {"type": "Feature", "geometry": {"type": "Point", "coordinates": [23.5, 51.6]}, "properties": {"risk_percent": 35.8, "risk_category": "medium"}}, {"type": "Feature", "geometry": {"type": "Point", "coordinates": [23.8, 51.6]}, "properties": {"risk_percent": 45.1, "risk_category": "medium"}}, {"type": "Feature", "geometry": {"type": "Point", "coordinates": [24.0, 51.6]}, "properties": {"risk_percent": 23.0, "risk_category": "low"}}, {"type": "Feature", "geometry": {"type": "Point", "coordinates": [24.2, 51.6]}, "properties": {"risk_percent": 25.8, "risk_category": "low"}}, {"type": "Feature", "geometry": {"type": "Point", "coordinates": [24.5, 51.6]}, "properties": {"risk_percent": 36.5, "risk_category": "medium"}}, {"type": "Feature", "geometry": {"type": "Point", "coordinates": [24.8, 51.6]}, "properties": {"risk_percent": 36.9, "risk_category": "medium"}}, {"type": "Feature", "geometry": {"type": "Point", "coordinates": [25.0, 51.6]}, "properties": {"risk_percent": 41.1, "risk_category": "medium"}}, {"type": "Feature", "geometry": {"type": "Point", "coordinates": [25.2, 51.6]}, "properties": {"risk_percent": 36.3, "risk_category": "medium"}}, {"type": "Feature", "geometry": {"type": "Point", "coordinates": [25.5, 51.6]}, "properties": {"risk_percent": 40.7, "risk_category": "medium"}}, {"type": "Feature", "geometry": {"type": "Point", "coordinates": [25.8, 51.6]}, "properties": {"risk_percent": 39.7, "risk_category": "medium"}}, {"type": "Feature", "geometry": {"type": "Point", "coordinates": [26.0, 51.6]}, "properties": {"risk_percent": 40.3, "risk_category": "medium"}}, {"type": "Feature", "geometry": {"type": "Point", "coordinates": [26.2, 51.6]}, "properties": {"risk_percent": 24.8, "risk_category": "low"}}, {"type": "Feature", "geometry": {"type": "Point", "coordinates": [26.5, 51.6]}, "properties": {"risk_percent": 35.2, "risk_category": "medium"}}, {"type": "Feature", "geometry": {"type": "Point", "coordinates": [26.8, 51.6]}, "properties": {"risk_percent": 36.8, "risk_category": "medium"}}, {"type": "Feature", "geometry": {"type": "Point", "coordinates": [27.0, 51.6]}, "properties": {"risk_percent": 33.3, "risk_category": "medium"}}, {"type": "Feature", "geometry": {"type": "Point", "coordinates": [27.2, 51.6]}, "properties": {"risk_percent": 30.2, "risk_category": "low"}}, {"type": "Feature", "geometry": {"type": "Point", "coordinates": [27.5, 51.6]}, "properties": {"risk_percent": 34.9, "risk_category": "medium"}}, {"type": "Feature", "geometry": {"type": "Point", "coordinates": [27.8, 51.6]}, "properties": {"risk_percent": 39.9, "risk_category": "medium"}}, {"type": "Feature", "geometry": {"type": "Point", "coordinates": [28.0, 51.6]}, "properties": {"risk_percent": 32.1, "risk_category": "low"}}, {"type": "Feature", "geometry": {"type": "Point", "coordinates": [28.2, 51.6]}, "properties": {"risk_percent": 33.8, "risk_category": "medium"}}, {"type": "Feature", "geometry": {"type": "Point", "coordinates": [28.5, 51.6]}, "properties": {"risk_percent": 35.9, "risk_category": "medium"}}, {"type": "Feature", "geometry": {"type": "Point", "coordinates": [28.8, 51.6]}, "properties": {"risk_percent": 45.3, "risk_category": "medium"}}, {"type": "Feature", "geometry": {"type": "Point", "coordinates": [29.0, 51.6]}, "properties": {"risk_percent": 45.7, "risk_category": "medium"}}, {"type": "Feature", "geometry": {"type": "Point", "coordinates": [29.2, 51.6]}, "properties": {"risk_percent": 47.5, "risk_category": "medium"}}, {"type": "Feature", "geometry": {"type": "Point", "coordinates": [29.5, 51.6]}, "properties": {"risk_percent": 49.8, "risk_category": "medium"}}, {"type": "Feature", "geometry": {"type": "Point", "coordinates": [29.8, 51.6]}, "properties": {"risk_percent": 38.5, "risk_category": "medium"}}, {"type": "Feature", "geometry": {"type": "Point", "coordinates": [30.0, 51.6]}, "properties": {"risk_percent": 43.3, "risk_category": "medium"}}, {"type": "Feature", "geometry": {"type": "Point", "coordinates": [30.2, 51.6]}, "properties": {"risk_percent": 44.7, "risk_category": "medium"}}, {"type": "Feature", "geometry": {"type": "Point", "coordinates": [30.5, 51.6]}, "properties": {"risk_percent": 61.9, "risk_category": "medium"}}, {"type": "Feature", "geometry": {"type": "Point", "coordinates": [30.8, 51.6]}, "properties": {"risk_percent": 33.7, "risk_category": "medium"}}, {"type": "Feature", "geometry": {"type": "Point", "coordinates": [31.0, 51.6]}, "properties": {"risk_percent": 29.9, "risk_category": "low"}}, {"type": "Feature", "geometry": {"type": "Point", "coordinates": [31.2, 51.6]}, "properties": {"risk_percent": 38.4, "risk_category": "medium"}}, {"type": "Feature", "geometry": {"type": "Point", "coordinates": [31.5, 51.6]}, "properties": {"risk_percent": 43.6, "risk_category": "medium"}}, {"type": "Feature", "geometry": {"type": "Point", "coordinates": [31.8, 51.6]}, "properties": {"risk_percent": 34.7, "risk_category": "medium"}}, {"type": "Feature", "geometry": {"type": "Point", "coordinates": [32.0, 51.6]}, "properties": {"risk_percent": 32.5, "risk_category": "low"}}, {"type": "Feature", "geometry": {"type": "Point", "coordinates": [32.2, 51.6]}, "properties": {"risk_percent": 50.5, "risk_category": "medium"}}, {"type": "Feature", "geometry": {"type": "Point", "coordinates": [32.5, 51.6]}, "properties": {"risk_percent": 38.6, "risk_category": "medium"}}, {"type": "Feature", "geometry": {"type": "Point", "coordinates": [32.8, 51.6]}, "properties": {"risk_percent": 38.8, "risk_category": "medium"}}, {"type": "Feature", "geometry": {"type": "Point", "coordinates": [33.0, 51.6]}, "properties": {"risk_percent": 32.7, "risk_category": "low"}}, {"type": "Feature", "geometry": {"type": "Point", "coordinates": [33.2, 51.6]}, "properties": {"risk_percent": 29.5, "risk_category": "low"}}, {"type": "Feature", "geometry": {"type": "Point", "coordinates": [33.5, 51.6]}, "properties": {"risk_percent": 51.3, "risk_category": "medium"}}, {"type": "Feature", "geometry": {"type": "Point", "coordinates": [33.8, 51.6]}, "properties": {"risk_percent": 45.1, "risk_category": "medium"}}, {"type": "Feature", "geometry": {"type": "Point", "coordinates": [34.0, 51.6]}, "properties": {"risk_percent": 35.6, "risk_category": "medium"}}, {"type": "Feature", "geometry": {"type": "Point", "coordinates": [34.2, 51.6]}, "properties": {"risk_percent": 34.7, "risk_category": "medium"}}, {"type": "Feature", "geometry": {"type": "Point", "coordinates": [34.5, 51.6]}, "properties": {"risk_percent": 28.3, "risk_category": "low"}}, {"type": "Feature", "geometry": {"type": "Point", "coordinates": [34.8, 51.6]}, "properties": {"risk_percent": 29.0, "risk_category": "low"}}, {"type": "Feature", "geometry": {"type": "Point", "coordinates": [35.0, 51.6]}, "properties": {"risk_percent": 34.3, "risk_category": "medium"}}, {"type": "Feature", "geometry": {"type": "Point", "coordinates": [35.2, 51.6]}, "properties": {"risk_percent": 34.8, "risk_category": "medium"}}, {"type": "Feature", "geometry": {"type": "Point", "coordinates": [35.5, 51.6]}, "properties": {"risk_percent": 31.8, "risk_category": "low"}}, {"type": "Feature", "geometry": {"type": "Point", "coordinates": [35.8, 51.6]}, "properties": {"risk_percent": 21.7, "risk_category": "low"}}, {"type": "Feature", "geometry": {"type": "Point", "coordinates": [36.0, 51.6]}, "properties": {"risk_percent": 37.4, "risk_category": "medium"}}, {"type": "Feature", "geometry": {"type": "Point", "coordinates": [36.2, 51.6]}, "properties": {"risk_percent": 26.5, "risk_category": "low"}}, {"type": "Feature", "geometry": {"type": "Point", "coordinates": [22.8, 51.8]}, "properties": {"risk_percent": 29.5, "risk_category": "low"}}, {"type": "Feature", "geometry": {"type": "Point", "coordinates": [23.0, 51.8]}, "properties": {"risk_percent": 32.3, "risk_category": "low"}}, {"type": "Feature", "geometry": {"type": "Point", "coordinates": [23.2, 51.8]}, "properties": {"risk_percent": 39.8, "risk_category": "medium"}}, {"type": "Feature", "geometry": {"type": "Point", "coordinates": [23.5, 51.8]}, "properties": {"risk_percent": 38.8, "risk_category": "medium"}}, {"type": "Feature", "geometry": {"type": "Point", "coordinates": [23.8, 51.8]}, "properties": {"risk_percent": 34.8, "risk_category": "medium"}}, {"type": "Feature", "geometry": {"type": "Point", "coordinates": [24.0, 51.8]}, "properties": {"risk_percent": 30.0, "risk_category": "low"}}, {"type": "Feature", "geometry": {"type": "Point", "coordinates": [24.2, 51.8]}, "properties": {"risk_percent": 27.3, "risk_category": "low"}}, {"type": "Feature", "geometry": {"type": "Point", "coordinates": [24.5, 51.8]}, "properties": {"risk_percent": 32.3, "risk_category": "low"}}, {"type": "Feature", "geometry": {"type": "Point", "coordinates": [24.8, 51.8]}, "properties": {"risk_percent": 39.9, "risk_category": "medium"}}, {"type": "Feature", "geometry": {"type": "Point", "coordinates": [25.0, 51.8]}, "properties": {"risk_percent": 30.7, "risk_category": "low"}}, {"type": "Feature", "geometry": {"type": "Point", "coordinates": [25.2, 51.8]}, "properties": {"risk_percent": 28.2, "risk_category": "low"}}, {"type": "Feature", "geometry": {"type": "Point", "coordinates": [25.5, 51.8]}, "properties": {"risk_percent": 26.2, "risk_category": "low"}}, {"type": "Feature", "geometry": {"type": "Point", "coordinates": [25.8, 51.8]}, "properties": {"risk_percent": 34.7, "risk_category": "medium"}}, {"type": "Feature", "geometry": {"type": "Point", "coordinates": [26.0, 51.8]}, "properties": {"risk_percent": 29.6, "risk_category": "low"}}, {"type": "Feature", "geometry": {"type": "Point", "coordinates": [26.2, 51.8]}, "properties": {"risk_percent": 34.4, "risk_category": "medium"}}, {"type": "Feature", "geometry": {"type": "Point", "coordinates": [26.5, 51.8]}, "properties": {"risk_percent": 32.9, "risk_category": "low"}}, {"type": "Feature", "geometry": {"type": "Point", "coordinates": [26.8, 51.8]}, "properties": {"risk_percent": 38.8, "risk_category": "medium"}}, {"type": "Feature", "geometry": {"type": "Point", "coordinates": [27.0, 51.8]}, "properties": {"risk_percent": 29.9, "risk_category": "low"}}, {"type": "Feature", "geometry": {"type": "Point", "coordinates": [27.2, 51.8]}, "properties": {"risk_percent": 22.6, "risk_category": "low"}}, {"type": "Feature", "geometry": {"type": "Point", "coordinates": [27.5, 51.8]}, "properties": {"risk_percent": 32.4, "risk_category": "low"}}, {"type": "Feature", "geometry": {"type": "Point", "coordinates": [27.8, 51.8]}, "properties": {"risk_percent": 41.8, "risk_category": "medium"}}, {"type": "Feature", "geometry": {"type": "Point", "coordinates": [28.0, 51.8]}, "properties": {"risk_percent": 38.3, "risk_category": "medium"}}, {"type": "Feature", "geometry": {"type": "Point", "coordinates": [28.2, 51.8]}, "properties": {"risk_percent": 28.1, "risk_category": "low"}}, {"type": "Feature", "geometry": {"type": "Point", "coordinates": [28.5, 51.8]}, "properties": {"risk_percent": 47.7, "risk_category": "medium"}}, {"type": "Feature", "geometry": {"type": "Point", "coordinates": [28.8, 51.8]}, "properties": {"risk_percent": 31.6, "risk_category": "low"}}, {"type": "Feature", "geometry": {"type": "Point", "coordinates": [29.0, 51.8]}, "properties": {"risk_percent": 28.8, "risk_category": "low"}}, {"type": "Feature", "geometry": {"type": "Point", "coordinates": [29.2, 51.8]}, "properties": {"risk_percent": 32.7, "risk_category": "low"}}, {"type": "Feature", "geometry": {"type": "Point", "coordinates": [29.5, 51.8]}, "properties": {"risk_percent": 34.1, "risk_category": "medium"}}, {"type": "Feature", "geometry": {"type": "Point", "coordinates": [29.8, 51.8]}, "properties": {"risk_percent": 30.7, "risk_category": "low"}}, {"type": "Feature", "geometry": {"type": "Point", "coordinates": [30.0, 51.8]}, "properties": {"risk_percent": 37.9, "risk_category": "medium"}}, {"type": "Feature", "geometry": {"type": "Point", "coordinates": [30.2, 51.8]}, "properties": {"risk_percent": 30.8, "risk_category": "low"}}, {"type": "Feature", "geometry": {"type": "Point", "coordinates": [30.5, 51.8]}, "properties": {"risk_percent": 34.8, "risk_category": "medium"}}, {"type": "Feature", "geometry": {"type": "Point", "coordinates": [30.8, 51.8]}, "properties": {"risk_percent": 29.5, "risk_category": "low"}}, {"type": "Feature", "geometry": {"type": "Point", "coordinates": [31.0, 51.8]}, "properties": {"risk_percent": 36.0, "risk_category": "medium"}}, {"type": "Feature", "geometry": {"type": "Point", "coordinates": [31.2, 51.8]}, "properties": {"risk_percent": 28.3, "risk_category": "low"}}, {"type": "Feature", "geometry": {"type": "Point", "coordinates": [31.5, 51.8]}, "properties": {"risk_percent": 27.0, "risk_category": "low"}}, {"type": "Feature", "geometry": {"type": "Point", "coordinates": [31.8, 51.8]}, "properties": {"risk_percent": 28.4, "risk_category": "low"}}, {"type": "Feature", "geometry": {"type": "Point", "coordinates": [32.0, 51.8]}, "properties": {"risk_percent": 41.9, "risk_category": "medium"}}, {"type": "Feature", "geometry": {"type": "Point", "coordinates": [32.2, 51.8]}, "properties": {"risk_percent": 37.2, "risk_category": "medium"}}, {"type": "Feature", "geometry": {"type": "Point", "coordinates": [32.5, 51.8]}, "properties": {"risk_percent": 44.2, "risk_category": "medium"}}, {"type": "Feature", "geometry": {"type": "Point", "coordinates": [32.8, 51.8]}, "properties": {"risk_percent": 22.2, "risk_category": "low"}}, {"type": "Feature", "geometry": {"type": "Point", "coordinates": [33.0, 51.8]}, "properties": {"risk_percent": 28.5, "risk_category": "low"}}, {"type": "Feature", "geometry": {"type": "Point", "coordinates": [33.2, 51.8]}, "properties": {"risk_percent": 35.0, "risk_category": "medium"}}, {"type": "Feature", "geometry": {"type": "Point", "coordinates": [33.5, 51.8]}, "properties": {"risk_percent": 44.4, "risk_category": "medium"}}, {"type": "Feature", "geometry": {"type": "Point", "coordinates": [33.8, 51.8]}, "properties": {"risk_percent": 21.4, "risk_category": "low"}}, {"type": "Feature", "geometry": {"type": "Point", "coordinates": [34.0, 51.8]}, "properties": {"risk_percent": 29.0, "risk_category": "low"}}, {"type": "Feature", "geometry": {"type": "Point", "coordinates": [34.2, 51.8]}, "properties": {"risk_percent": 23.8, "risk_category": "low"}}, {"type": "Feature", "geometry": {"type": "Point", "coordinates": [34.5, 51.8]}, "properties": {"risk_percent": 25.3, "risk_category": "low"}}, {"type": "Feature", "geometry": {"type": "Point", "coordinates": [34.8, 51.8]}, "properties": {"risk_percent": 27.1, "risk_category": "low"}}, {"type": "Feature", "geometry": {"type": "Point", "coordinates": [35.0, 51.8]}, "properties": {"risk_percent": 32.7, "risk_category": "low"}}, {"type": "Feature", "geometry": {"type": "Point", "coordinates": [35.2, 51.8]}, "properties": {"risk_percent": 30.3, "risk_category": "low"}}, {"type": "Feature", "geometry": {"type": "Point", "coordinates": [35.5, 51.8]}, "properties": {"risk_percent": 37.6, "risk_category": "medium"}}, {"type": "Feature", "geometry": {"type": "Point", "coordinates": [35.8, 51.8]}, "properties": {"risk_percent": 32.9, "risk_category": "low"}}, {"type": "Feature", "geometry": {"type": "Point", "coordinates": [36.0, 51.8]}, "properties": {"risk_percent": 30.1, "risk_category": "low"}}, {"type": "Feature", "geometry": {"type": "Point", "coordinates": [23.2, 52.0]}, "properties": {"risk_percent": 29.7, "risk_category": "low"}}, {"type": "Feature", "geometry": {"type": "Point", "coordinates": [23.5, 52.0]}, "properties": {"risk_percent": 36.4, "risk_category": "medium"}}, {"type": "Feature", "geometry": {"type": "Point", "coordinates": [23.8, 52.0]}, "properties": {"risk_percent": 40.1, "risk_category": "medium"}}, {"type": "Feature", "geometry": {"type": "Point", "coordinates": [24.0, 52.0]}, "properties": {"risk_percent": 24.0, "risk_category": "low"}}, {"type": "Feature", "geometry": {"type": "Point", "coordinates": [24.2, 52.0]}, "properties": {"risk_percent": 27.4, "risk_category": "low"}}, {"type": "Feature", "geometry": {"type": "Point", "coordinates": [24.5, 52.0]}, "properties": {"risk_percent": 16.5, "risk_category": "low"}}, {"type": "Feature", "geometry": {"type": "Point", "coordinates": [24.8, 52.0]}, "properties": {"risk_percent": 29.0, "risk_category": "low"}}, {"type": "Feature", "geometry": {"type": "Point", "coordinates": [25.0, 52.0]}, "properties": {"risk_percent": 18.6, "risk_category": "low"}}, {"type": "Feature", "geometry": {"type": "Point", "coordinates": [25.2, 52.0]}, "properties": {"risk_percent": 22.4, "risk_category": "low"}}, {"type": "Feature", "geometry": {"type": "Point", "coordinates": [25.5, 52.0]}, "properties": {"risk_percent": 20.5, "risk_category": "low"}}, {"type": "Feature", "geometry": {"type": "Point", "coordinates": [25.8, 52.0]}, "properties": {"risk_percent": 25.0, "risk_category": "low"}}, {"type": "Feature", "geometry": {"type": "Point", "coordinates": [26.0, 52.0]}, "properties": {"risk_percent": 20.2, "risk_category": "low"}}, {"type": "Feature", "geometry": {"type": "Point", "coordinates": [26.2, 52.0]}, "properties": {"risk_percent": 19.7, "risk_category": "low"}}, {"type": "Feature", "geometry": {"type": "Point", "coordinates": [26.5, 52.0]}, "properties": {"risk_percent": 22.0, "risk_category": "low"}}, {"type": "Feature", "geometry": {"type": "Point", "coordinates": [26.8, 52.0]}, "properties": {"risk_percent": 32.0, "risk_category": "low"}}, {"type": "Feature", "geometry": {"type": "Point", "coordinates": [27.0, 52.0]}, "properties": {"risk_percent": 31.6, "risk_category": "low"}}, {"type": "Feature", "geometry": {"type": "Point", "coordinates": [27.2, 52.0]}, "properties": {"risk_percent": 32.4, "risk_category": "low"}}, {"type": "Feature", "geometry": {"type": "Point", "coordinates": [27.5, 52.0]}, "properties": {"risk_percent": 33.1, "risk_category": "medium"}}, {"type": "Feature", "geometry": {"type": "Point", "coordinates": [27.8, 52.0]}, "properties": {"risk_percent": 42.3, "risk_category": "medium"}}, {"type": "Feature", "geometry": {"type": "Point", "coordinates": [28.0, 52.0]}, "properties": {"risk_percent": 38.6, "risk_category": "medium"}}, {"type": "Feature", "geometry": {"type": "Point", "coordinates": [28.2, 52.0]}, "properties": {"risk_percent": 29.2, "risk_category": "low"}}, {"type": "Feature", "geometry": {"type": "Point", "coordinates": [28.5, 52.0]}, "properties": {"risk_percent": 48.8, "risk_category": "medium"}}, {"type": "Feature", "geometry": {"type": "Point", "coordinates": [28.8, 52.0]}, "properties": {"risk_percent": 39.7, "risk_category": "medium"}}, {"type": "Feature", "geometry": {"type": "Point", "coordinates": [29.0, 52.0]}, "properties": {"risk_percent": 35.5, "risk_category": "medium"}}, {"type": "Feature", "geometry": {"type": "Point", "coordinates": [29.2, 52.0]}, "properties": {"risk_percent": 32.7, "risk_category": "low"}}, {"type": "Feature", "geometry": {"type": "Point", "coordinates": [29.5, 52.0]}, "properties": {"risk_percent": 25.9, "risk_category": "low"}}, {"type": "Feature", "geometry": {"type": "Point", "coordinates": [29.8, 52.0]}, "properties": {"risk_percent": 44.0, "risk_category": "medium"}}, {"type": "Feature", "geometry": {"type": "Point", "coordinates": [30.0, 52.0]}, "properties": {"risk_percent": 38.4, "risk_category": "medium"}}, {"type": "Feature", "geometry": {"type": "Point", "coordinates": [30.2, 52.0]}, "properties": {"risk_percent": 47.1, "risk_category": "medium"}}, {"type": "Feature", "geometry": {"type": "Point", "coordinates": [30.5, 52.0]}, "properties": {"risk_percent": 40.7, "risk_category": "medium"}}, {"type": "Feature", "geometry": {"type": "Point", "coordinates": [30.8, 52.0]}, "properties": {"risk_percent": 41.9, "risk_category": "medium"}}, {"type": "Feature", "geometry": {"type": "Point", "coordinates": [31.0, 52.0]}, "properties": {"risk_percent": 34.3, "risk_category": "medium"}}, {"type": "Feature", "geometry": {"type": "Point", "coordinates": [31.2, 52.0]}, "properties": {"risk_percent": 40.7, "risk_category": "medium"}}, {"type": "Feature", "geometry": {"type": "Point", "coordinates": [31.5, 52.0]}, "properties": {"risk_percent": 29.7, "risk_category": "low"}}, {"type": "Feature", "geometry": {"type": "Point", "coordinates": [31.8, 52.0]}, "properties": {"risk_percent": 33.9, "risk_category": "medium"}}, {"type": "Feature", "geometry": {"type": "Point", "coordinates": [32.0, 52.0]}, "properties": {"risk_percent": 38.1, "risk_category": "medium"}}, {"type": "Feature", "geometry": {"type": "Point", "coordinates": [32.2, 52.0]}, "properties": {"risk_percent": 39.8, "risk_category": "medium"}}, {"type": "Feature", "geometry": {"type": "Point", "coordinates": [32.5, 52.0]}, "properties": {"risk_percent": 27.7, "risk_category": "low"}}, {"type": "Feature", "geometry": {"type": "Point", "coordinates": [32.8, 52.0]}, "properties": {"risk_percent": 21.6, "risk_category": "low"}}, {"type": "Feature", "geometry": {"type": "Point", "coordinates": [33.0, 52.0]}, "properties": {"risk_percent": 23.2, "risk_category": "low"}}, {"type": "Feature", "geometry": {"type": "Point", "coordinates": [33.2, 52.0]}, "properties": {"risk_percent": 21.4, "risk_category": "low"}}, {"type": "Feature", "geometry": {"type": "Point", "coordinates": [33.5, 52.0]}, "properties": {"risk_percent": 27.3, "risk_category": "low"}}, {"type": "Feature", "geometry": {"type": "Point", "coordinates": [33.8, 52.0]}, "properties": {"risk_percent": 25.2, "risk_category": "low"}}, {"type": "Feature", "geometry": {"type": "Point", "coordinates": [34.0, 52.0]}, "properties": {"risk_percent": 33.9, "risk_category": "medium"}}, {"type": "Feature", "geometry": {"type": "Point", "coordinates": [34.2, 52.0]}, "properties": {"risk_percent": 23.1, "risk_category": "low"}}, {"type": "Feature", "geometry": {"type": "Point", "coordinates": [34.5, 52.0]}, "properties": {"risk_percent": 23.9, "risk_category": "low"}}, {"type": "Feature", "geometry": {"type": "Point", "coordinates": [34.8, 52.0]}, "properties": {"risk_percent": 23.8, "risk_category": "low"}}, {"type": "Feature", "geometry": {"type": "Point", "coordinates": [35.0, 52.0]}, "properties": {"risk_percent": 44.5, "risk_category": "medium"}}, {"type": "Feature", "geometry": {"type": "Point", "coordinates": [35.2, 52.0]}, "properties": {"risk_percent": 31.2, "risk_category": "low"}}, {"type": "Feature", "geometry": {"type": "Point", "coordinates": [35.5, 52.0]}, "properties": {"risk_percent": 30.6, "risk_category": "low"}}, {"type": "Feature", "geometry": {"type": "Point", "coordinates": [26.5, 52.3]}, "properties": {"risk_percent": 22.8, "risk_category": "low"}}, {"type": "Feature", "geometry": {"type": "Point", "coordinates": [26.8, 52.3]}, "properties": {"risk_percent": 32.4, "risk_category": "low"}}, {"type": "Feature", "geometry": {"type": "Point", "coordinates": [27.0, 52.3]}, "properties": {"risk_percent": 30.0, "risk_category": "low"}}, {"type": "Feature", "geometry": {"type": "Point", "coordinates": [27.2, 52.3]}, "properties": {"risk_percent": 32.1, "risk_category": "low"}}, {"type": "Feature", "geometry": {"type": "Point", "coordinates": [27.5, 52.3]}, "properties": {"risk_percent": 26.8, "risk_category": "low"}}, {"type": "Feature", "geometry": {"type": "Point", "coordinates": [27.8, 52.3]}, "properties": {"risk_percent": 30.6, "risk_category": "low"}}, {"type": "Feature", "geometry": {"type": "Point", "coordinates": [28.0, 52.3]}, "properties": {"risk_percent": 45.0, "risk_category": "medium"}}, {"type": "Feature", "geometry": {"type": "Point", "coordinates": [28.2, 52.3]}, "properties": {"risk_percent": 31.0, "risk_category": "low"}}, {"type": "Feature", "geometry": {"type": "Point", "coordinates": [28.5, 52.3]}, "properties": {"risk_percent": 28.4, "risk_category": "low"}}, {"type": "Feature", "geometry": {"type": "Point", "coordinates": [28.8, 52.3]}, "properties": {"risk_percent": 35.0, "risk_category": "medium"}}, {"type": "Feature", "geometry": {"type": "Point", "coordinates": [29.0, 52.3]}, "properties": {"risk_percent": 31.3, "risk_category": "low"}}, {"type": "Feature", "geometry": {"type": "Point", "coordinates": [29.2, 52.3]}, "properties": {"risk_percent": 30.3, "risk_category": "low"}}, {"type": "Feature", "geometry": {"type": "Point", "coordinates": [29.5, 52.3]}, "properties": {"risk_percent": 26.2, "risk_category": "low"}}, {"type": "Feature", "geometry": {"type": "Point", "coordinates": [29.8, 52.3]}, "properties": {"risk_percent": 27.0, "risk_category": "low"}}, {"type": "Feature", "geometry": {"type": "Point", "coordinates": [30.0, 52.3]}, "properties": {"risk_percent": 33.0, "risk_category": "low"}}, {"type": "Feature", "geometry": {"type": "Point", "coordinates": [30.2, 52.3]}, "properties": {"risk_percent": 36.0, "risk_category": "medium"}}, {"type": "Feature", "geometry": {"type": "Point", "coordinates": [30.5, 52.3]}, "properties": {"risk_percent": 39.2, "risk_category": "medium"}}, {"type": "Feature", "geometry": {"type": "Point", "coordinates": [30.8, 52.3]}, "properties": {"risk_percent": 39.7, "risk_category": "medium"}}, {"type": "Feature", "geometry": {"type": "Point", "coordinates": [31.0, 52.3]}, "properties": {"risk_percent": 27.9, "risk_category": "low"}}, {"type": "Feature", "geometry": {"type": "Point", "coordinates": [31.2, 52.3]}, "properties": {"risk_percent": 26.7, "risk_category": "low"}}, {"type": "Feature", "geometry": {"type": "Point", "coordinates": [31.5, 52.3]}, "properties": {"risk_percent": 35.5, "risk_category": "medium"}}, {"type": "Feature", "geometry": {"type": "Point", "coordinates": [31.8, 52.3]}, "properties": {"risk_percent": 26.8, "risk_category": "low"}}, {"type": "Feature", "geometry": {"type": "Point", "coordinates": [32.0, 52.3]}, "properties": {"risk_percent": 30.4, "risk_category": "low"}}, {"type": "Feature", "geometry": {"type": "Point", "coordinates": [32.2, 52.3]}, "properties": {"risk_percent": 23.3, "risk_category": "low"}}, {"type": "Feature", "geometry": {"type": "Point", "coordinates": [32.5, 52.3]}, "properties": {"risk_percent": 19.8, "risk_category": "low"}}, {"type": "Feature", "geometry": {"type": "Point", "coordinates": [32.8, 52.3]}, "properties": {"risk_percent": 19.2, "risk_category": "low"}}, {"type": "Feature", "geometry": {"type": "Point", "coordinates": [33.0, 52.3]}, "properties": {"risk_percent": 21.6, "risk_category": "low"}}, {"type": "Feature", "geometry": {"type": "Point", "coordinates": [33.2, 52.3]}, "properties": {"risk_percent": 29.3, "risk_category": "low"}}, {"type": "Feature", "geometry": {"type": "Point", "coordinates": [33.5, 52.3]}, "properties": {"risk_percent": 39.2, "risk_category": "medium"}}, {"type": "Feature", "geometry": {"type": "Point", "coordinates": [33.8, 52.3]}, "properties": {"risk_percent": 17.1, "risk_category": "low"}}, {"type": "Feature", "geometry": {"type": "Point", "coordinates": [34.0, 52.3]}, "properties": {"risk_percent": 16.6, "risk_category": "low"}}, {"type": "Feature", "geometry": {"type": "Point", "coordinates": [34.2, 52.3]}, "properties": {"risk_percent": 25.5, "risk_category": "low"}}, {"type": "Feature", "geometry": {"type": "Point", "coordinates": [34.5, 52.3]}, "properties": {"risk_percent": 21.0, "risk_category": "low"}}, {"type": "Feature", "geometry": {"type": "Point", "coordinates": [34.8, 52.3]}, "properties": {"risk_percent": 24.1, "risk_category": "low"}}, {"type": "Feature", "geometry": {"type": "Point", "coordinates": [35.0, 52.3]}, "properties": {"risk_percent": 24.1, "risk_category": "low"}}, {"type": "Feature", "geometry": {"type": "Point", "coordinates": [30.5, 52.6]}, "properties": {"risk_percent": 39.4, "risk_category": "medium"}}, {"type": "Feature", "geometry": {"type": "Point", "coordinates": [30.8, 52.6]}, "properties": {"risk_percent": 42.0, "risk_category": "medium"}}, {"type": "Feature", "geometry": {"type": "Point", "coordinates": [31.0, 52.6]}, "properties": {"risk_percent": 40.7, "risk_category": "medium"}}, {"type": "Feature", "geometry": {"type": "Point", "coordinates": [31.2, 52.6]}, "properties": {"risk_percent": 19.5, "risk_category": "low"}}, {"type": "Feature", "geometry": {"type": "Point", "coordinates": [31.5, 52.6]}, "properties": {"risk_percent": 29.2, "risk_category": "low"}}, {"type": "Feature", "geometry": {"type": "Point", "coordinates": [31.8, 52.6]}, "properties": {"risk_percent": 29.6, "risk_category": "low"}}, {"type": "Feature", "geometry": {"type": "Point", "coordinates": [32.0, 52.6]}, "properties": {"risk_percent": 25.1, "risk_category": "low"}}, {"type": "Feature", "geometry": {"type": "Point", "coordinates": [32.2, 52.6]}, "properties": {"risk_percent": 32.3, "risk_category": "low"}}, {"type": "Feature", "geometry": {"type": "Point", "coordinates": [32.5, 52.6]}, "properties": {"risk_percent": 27.8, "risk_category": "low"}}, {"type": "Feature", "geometry": {"type": "Point", "coordinates": [32.8, 52.6]}, "properties": {"risk_percent": 31.9, "risk_category": "low"}}, {"type": "Feature", "geometry": {"type": "Point", "coordinates": [33.0, 52.6]}, "properties": {"risk_percent": 32.5, "risk_category": "low"}}, {"type": "Feature", "geometry": {"type": "Point", "coordinates": [33.2, 52.6]}, "properties": {"risk_percent": 27.4, "risk_category": "low"}}, {"type": "Feature", "geometry": {"type": "Point", "coordinates": [33.5, 52.6]}, "properties": {"risk_percent": 27.0, "risk_category": "low"}}, {"type": "Feature", "geometry": {"type": "Point", "coordinates": [33.8, 52.6]}, "properties": {"risk_percent": 30.1, "risk_category": "low"}}, {"type": "Feature", "geometry": {"type": "Point", "coordinates": [34.0, 52.6]}, "properties": {"risk_percent": 25.0, "risk_category": "low"}}, {"type": "Feature", "geometry": {"type": "Point", "coordinates": [34.2, 52.6]}, "properties": {"risk_percent": 20.2, "risk_category": "low"}}]}